Week,Category,Count
2024-02-05/2024-02-11,Bakul Nivas,40
2024-02-05/2024-02-11,Cabs,517
2024-02-05/2024-02-11,Event Visitors,710
2024-02-05/2024-02-11,Faculty,14
2024-02-05/2024-02-11,Housekeeping,217
2024-02-05/2024-02-11,Kadamba Nivas,20
2024-02-05/2024-02-11,Mess Workers,45
2024-02-05/2024-02-11,Milk & Paper,16
2024-02-05/2024-02-11,Palash Nivas,74
2024-02-05/2024-02-11,Parijat Nivas,40
2024-02-05/2024-02-11,Security,126
2024-02-05/2024-02-11,Vendors,14
2024-02-05/2024-02-11,Visitors,28
2024-02-12/2024-02-18,Bakul Nivas,128
2024-02-12/2024-02-18,Cabs,629
2024-02-12/2024-02-18,Event Visitors,268
2024-02-12/2024-02-18,Faculty,94
2024-02-12/2024-02-18,Housekeeping,1106
2024-02-12/2024-02-18,Kadamba Nivas,85
2024-02-12/2024-02-18,Mess Workers,216
2024-02-12/2024-02-18,Milk & Paper,78
2024-02-12/2024-02-18,Palash Nivas,193
2024-02-12/2024-02-18,Parijat Nivas,150
2024-02-12/2024-02-18,Security,441
2024-02-12/2024-02-18,Vendors,108
2024-02-12/2024-02-18,Visitors,150
2024-02-19/2024-02-25,Bakul Nivas,150
2024-02-19/2024-02-25,Cabs,365
2024-02-19/2024-02-25,Event Visitors,143
2024-02-19/2024-02-25,Faculty,86
2024-02-19/2024-02-25,Housekeeping,1129
2024-02-19/2024-02-25,Kadamba Nivas,109
2024-02-19/2024-02-25,Mess Workers,193
2024-02-19/2024-02-25,Milk & Paper,66
2024-02-19/2024-02-25,Palash Nivas,210
2024-02-19/2024-02-25,Parijat Nivas,134
2024-02-19/2024-02-25,Security,441
2024-02-19/2024-02-25,Vendors,131
2024-02-19/2024-02-25,Visitors,164
2024-02-26/2024-03-03,Bakul Nivas,144
2024-02-26/2024-03-03,Cabs,409
2024-02-26/2024-03-03,Event Visitors,315
2024-02-26/2024-03-03,Faculty,90
2024-02-26/2024-03-03,Housekeeping,1150
2024-02-26/2024-03-03,Kadamba Nivas,98
2024-02-26/2024-03-03,Mess Workers,199
2024-02-26/2024-03-03,Milk & Paper,85
2024-02-26/2024-03-03,Palash Nivas,213
2024-02-26/2024-03-03,Parijat Nivas,175
2024-02-26/2024-03-03,Security,441
2024-02-26/2024-03-03,Vendors,130
2024-02-26/2024-03-03,Visitors,187
2024-03-04/2024-03-10,Bakul Nivas,164
2024-03-04/2024-03-10,Cabs,1485
2024-03-04/2024-03-10,Event Visitors,132
2024-03-04/2024-03-10,Faculty,61
2024-03-04/2024-03-10,Housekeeping,953
2024-03-04/2024-03-10,Kadamba Nivas,101
2024-03-04/2024-03-10,Mess Workers,190
2024-03-04/2024-03-10,Milk & Paper,70
2024-03-04/2024-03-10,Palash Nivas,212
2024-03-04/2024-03-10,Parijat Nivas,162
2024-03-04/2024-03-10,Security,441
2024-03-04/2024-03-10,Vendors,101
2024-03-04/2024-03-10,Visitors,174
2024-03-11/2024-03-17,Bakul Nivas,126
2024-03-11/2024-03-17,Cabs,1771
2024-03-11/2024-03-17,Event Visitors,1374
2024-03-11/2024-03-17,Faculty,106
2024-03-11/2024-03-17,Housekeeping,1186
2024-03-11/2024-03-17,Kadamba Nivas,90
2024-03-11/2024-03-17,Mess Workers,259
2024-03-11/2024-03-17,Milk & Paper,74
2024-03-11/2024-03-17,Palash Nivas,312
2024-03-11/2024-03-17,Parijat Nivas,128
2024-03-11/2024-03-17,Security,441
2024-03-11/2024-03-17,Vendors,74
2024-03-11/2024-03-17,Visitors,179
2024-03-18/2024-03-24,Bakul Nivas,146
2024-03-18/2024-03-24,Cabs,1883
2024-03-18/2024-03-24,Event Visitors,329
2024-03-18/2024-03-24,Faculty,77
2024-03-18/2024-03-24,Housekeeping,1103
2024-03-18/2024-03-24,Kadamba Nivas,68
2024-03-18/2024-03-24,Mess Workers,195
2024-03-18/2024-03-24,Milk & Paper,73
2024-03-18/2024-03-24,Palash Nivas,215
2024-03-18/2024-03-24,Parijat Nivas,114
2024-03-18/2024-03-24,Security,441
2024-03-18/2024-03-24,Vendors,84
2024-03-18/2024-03-24,Visitors,160
2024-03-25/2024-03-31,Bakul Nivas,70
2024-03-25/2024-03-31,Cabs,1657
2024-03-25/2024-03-31,Event Visitors,71
2024-03-25/2024-03-31,Faculty,66
2024-03-25/2024-03-31,Housekeeping,857
2024-03-25/2024-03-31,Kadamba Nivas,41
2024-03-25/2024-03-31,Mess Workers,228
2024-03-25/2024-03-31,Milk & Paper,71
2024-03-25/2024-03-31,Palash Nivas,233
2024-03-25/2024-03-31,Parijat Nivas,94
2024-03-25/2024-03-31,Security,441
2024-03-25/2024-03-31,Vendors,50
2024-03-25/2024-03-31,Visitors,118
2024-04-01/2024-04-07,Bakul Nivas,110
2024-04-01/2024-04-07,Cabs,1884
2024-04-01/2024-04-07,Event Visitors,693
2024-04-01/2024-04-07,Faculty,85
2024-04-01/2024-04-07,Housekeeping,1149
2024-04-01/2024-04-07,Kadamba Nivas,85
2024-04-01/2024-04-07,Mess Workers,215
2024-04-01/2024-04-07,Milk & Paper,67
2024-04-01/2024-04-07,Palash Nivas,209
2024-04-01/2024-04-07,Parijat Nivas,109
2024-04-01/2024-04-07,Security,441
2024-04-01/2024-04-07,Vendors,50
2024-04-01/2024-04-07,Visitors,217
2024-04-08/2024-04-14,Bakul Nivas,80
2024-04-08/2024-04-14,Cabs,1461
2024-04-08/2024-04-14,Event Visitors,94
2024-04-08/2024-04-14,Faculty,68
2024-04-08/2024-04-14,Housekeeping,850
2024-04-08/2024-04-14,Kadamba Nivas,56
2024-04-08/2024-04-14,Mess Workers,204
2024-04-08/2024-04-14,Milk & Paper,63
2024-04-08/2024-04-14,Palash Nivas,205
2024-04-08/2024-04-14,Parijat Nivas,106
2024-04-08/2024-04-14,Security,441
2024-04-08/2024-04-14,Vendors,57
2024-04-08/2024-04-14,Visitors,117
2024-04-15/2024-04-21,Bakul Nivas,136
2024-04-15/2024-04-21,Cabs,1781
2024-04-15/2024-04-21,Event Visitors,160
2024-04-15/2024-04-21,Faculty,89
2024-04-15/2024-04-21,Housekeeping,1146
2024-04-15/2024-04-21,Kadamba Nivas,75
2024-04-15/2024-04-21,Mess Workers,215
2024-04-15/2024-04-21,Milk & Paper,61
2024-04-15/2024-04-21,Palash Nivas,170
2024-04-15/2024-04-21,Parijat Nivas,93
2024-04-15/2024-04-21,Security,441
2024-04-15/2024-04-21,Vendors,84
2024-04-15/2024-04-21,Visitors,168
2024-04-22/2024-04-28,Bakul Nivas,50
2024-04-22/2024-04-28,Cabs,1395
2024-04-22/2024-04-28,Event Visitors,94
2024-04-22/2024-04-28,Faculty,96
2024-04-22/2024-04-28,Housekeeping,1265
2024-04-22/2024-04-28,Kadamba Nivas,36
2024-04-22/2024-04-28,Mess Workers,233
2024-04-22/2024-04-28,Milk & Paper,65
2024-04-22/2024-04-28,Palash Nivas,166
2024-04-22/2024-04-28,Parijat Nivas,74
2024-04-22/2024-04-28,Security,441
2024-04-22/2024-04-28,Vendors,56
2024-04-22/2024-04-28,Visitors,160
2024-04-29/2024-05-05,Bakul Nivas,73
2024-04-29/2024-05-05,Cabs,1943
2024-04-29/2024-05-05,Event Visitors,90
2024-04-29/2024-05-05,Faculty,95
2024-04-29/2024-05-05,Housekeeping,1257
2024-04-29/2024-05-05,Kadamba Nivas,48
2024-04-29/2024-05-05,Mess Workers,196
2024-04-29/2024-05-05,Milk & Paper,60
2024-04-29/2024-05-05,Palash Nivas,117
2024-04-29/2024-05-05,Parijat Nivas,72
2024-04-29/2024-05-05,Security,441
2024-04-29/2024-05-05,Vendors,99
2024-04-29/2024-05-05,Visitors,137
2024-05-06/2024-05-12,Bakul Nivas,45
2024-05-06/2024-05-12,Cabs,2133
2024-05-06/2024-05-12,Faculty,122
2024-05-06/2024-05-12,Housekeeping,1194
2024-05-06/2024-05-12,Kadamba Nivas,20
2024-05-06/2024-05-12,Mess Workers,211
2024-05-06/2024-05-12,Milk & Paper,63
2024-05-06/2024-05-12,Palash Nivas,117
2024-05-06/2024-05-12,Parijat Nivas,70
2024-05-06/2024-05-12,Security,441
2024-05-06/2024-05-12,Vendors,98
2024-05-06/2024-05-12,Visitors,164
2024-05-13/2024-05-19,Bakul Nivas,3
2024-05-13/2024-05-19,Cabs,1364
2024-05-13/2024-05-19,Event Visitors,247
2024-05-13/2024-05-19,Faculty,70
2024-05-13/2024-05-19,Housekeeping,1081
2024-05-13/2024-05-19,Kadamba Nivas,5
2024-05-13/2024-05-19,Mess Workers,161
2024-05-13/2024-05-19,Milk & Paper,59
2024-05-13/2024-05-19,Palash Nivas,77
2024-05-13/2024-05-19,Parijat Nivas,45
2024-05-13/2024-05-19,Security,441
2024-05-13/2024-05-19,Vendors,110
2024-05-13/2024-05-19,Visitors,154
2024-05-20/2024-05-26,Bakul Nivas,25
2024-05-20/2024-05-26,Cabs,1233
2024-05-20/2024-05-26,Faculty,54
2024-05-20/2024-05-26,Housekeeping,1234
2024-05-20/2024-05-26,Kadamba Nivas,4
2024-05-20/2024-05-26,Mess Workers,216
2024-05-20/2024-05-26,Milk & Paper,67
2024-05-20/2024-05-26,Palash Nivas,107
2024-05-20/2024-05-26,Parijat Nivas,80
2024-05-20/2024-05-26,Security,441
2024-05-20/2024-05-26,Vendors,135
2024-05-20/2024-05-26,Visitors,197
2024-05-27/2024-06-02,Bakul Nivas,106
2024-05-27/2024-06-02,Cabs,1426
2024-05-27/2024-06-02,Event Visitors,218
2024-05-27/2024-06-02,Faculty,73
2024-05-27/2024-06-02,Housekeeping,1218
2024-05-27/2024-06-02,Kadamba Nivas,5
2024-05-27/2024-06-02,Mess Workers,142
2024-05-27/2024-06-02,Milk & Paper,64
2024-05-27/2024-06-02,Palash Nivas,135
2024-05-27/2024-06-02,Parijat Nivas,102
2024-05-27/2024-06-02,Security,441
2024-05-27/2024-06-02,Vendors,155
2024-05-27/2024-06-02,Visitors,195
2024-06-03/2024-06-09,Bakul Nivas,83
2024-06-03/2024-06-09,Cabs,1308
2024-06-03/2024-06-09,Event Visitors,620
2024-06-03/2024-06-09,Faculty,60
2024-06-03/2024-06-09,Housekeeping,1244
2024-06-03/2024-06-09,Kadamba Nivas,16
2024-06-03/2024-06-09,Mess Workers,212
2024-06-03/2024-06-09,Milk & Paper,72
2024-06-03/2024-06-09,Palash Nivas,148
2024-06-03/2024-06-09,Parijat Nivas,110
2024-06-03/2024-06-09,Security,441
2024-06-03/2024-06-09,Vendors,121
2024-06-03/2024-06-09,Visitors,158
2024-06-10/2024-06-16,Bakul Nivas,57
2024-06-10/2024-06-16,Cabs,1388
2024-06-10/2024-06-16,Event Visitors,1285
2024-06-10/2024-06-16,Faculty,69
2024-06-10/2024-06-16,Housekeeping,1254
2024-06-10/2024-06-16,Kadamba Nivas,12
2024-06-10/2024-06-16,Mess Workers,166
2024-06-10/2024-06-16,Milk & Paper,64
2024-06-10/2024-06-16,Palash Nivas,112
2024-06-10/2024-06-16,Parijat Nivas,75
2024-06-10/2024-06-16,Security,441
2024-06-10/2024-06-16,Vendors,60
2024-06-10/2024-06-16,Visitors,206
2024-06-17/2024-06-23,Bakul Nivas,66
2024-06-17/2024-06-23,Cabs,1426
2024-06-17/2024-06-23,Event Visitors,1437
2024-06-17/2024-06-23,Faculty,63
2024-06-17/2024-06-23,Housekeeping,1046
2024-06-17/2024-06-23,Kadamba Nivas,11
2024-06-17/2024-06-23,Mess Workers,198
2024-06-17/2024-06-23,Milk & Paper,70
2024-06-17/2024-06-23,Palash Nivas,113
2024-06-17/2024-06-23,Parijat Nivas,79
2024-06-17/2024-06-23,Security,441
2024-06-17/2024-06-23,Vendors,64
2024-06-17/2024-06-23,Visitors,159
2024-06-24/2024-06-30,Bakul Nivas,123
2024-06-24/2024-06-30,Cabs,1495
2024-06-24/2024-06-30,Event Visitors,1767
2024-06-24/2024-06-30,Faculty,86
2024-06-24/2024-06-30,Housekeeping,1263
2024-06-24/2024-06-30,Kadamba Nivas,12
2024-06-24/2024-06-30,Mess Workers,181
2024-06-24/2024-06-30,Milk & Paper,57
2024-06-24/2024-06-30,Palash Nivas,133
2024-06-24/2024-06-30,Parijat Nivas,154
2024-06-24/2024-06-30,Security,441
2024-06-24/2024-06-30,Vendors,157
2024-06-24/2024-06-30,Visitors,204
2024-07-01/2024-07-07,Bakul Nivas,48
2024-07-01/2024-07-07,Cabs,1458
2024-07-01/2024-07-07,Event Visitors,642
2024-07-01/2024-07-07,Faculty,79
2024-07-01/2024-07-07,Housekeeping,1251
2024-07-01/2024-07-07,Kadamba Nivas,15
2024-07-01/2024-07-07,Mess Workers,228
2024-07-01/2024-07-07,Milk & Paper,70
2024-07-01/2024-07-07,Palash Nivas,106
2024-07-01/2024-07-07,Parijat Nivas,134
2024-07-01/2024-07-07,Security,441
2024-07-01/2024-07-07,Vendors,218
2024-07-01/2024-07-07,Visitors,149
2024-07-08/2024-07-14,Bakul Nivas,2
2024-07-08/2024-07-14,Cabs,1557
2024-07-08/2024-07-14,Event Visitors,25
2024-07-08/2024-07-14,Faculty,74
2024-07-08/2024-07-14,Housekeeping,1113
2024-07-08/2024-07-14,Kadamba Nivas,10
2024-07-08/2024-07-14,Mess Workers,148
2024-07-08/2024-07-14,Milk & Paper,52
2024-07-08/2024-07-14,Palash Nivas,27
2024-07-08/2024-07-14,Parijat Nivas,25
2024-07-08/2024-07-14,Security,378
2024-07-08/2024-07-14,Vendors,169
2024-07-08/2024-07-14,Visitors,149
2024-07-15/2024-07-21,Bakul Nivas,1
2024-07-15/2024-07-21,Cabs,1410
2024-07-15/2024-07-21,Event Visitors,39
2024-07-15/2024-07-21,Faculty,54
2024-07-15/2024-07-21,Housekeeping,1080
2024-07-15/2024-07-21,Kadamba Nivas,3
2024-07-15/2024-07-21,Mess Workers,172
2024-07-15/2024-07-21,Milk & Paper,59
2024-07-15/2024-07-21,Palash Nivas,117
2024-07-15/2024-07-21,Parijat Nivas,67
2024-07-15/2024-07-21,Security,441
2024-07-15/2024-07-21,Vendors,177
2024-07-15/2024-07-21,Visitors,192
2024-07-22/2024-07-28,Bakul Nivas,19
2024-07-22/2024-07-28,Cabs,2330
2024-07-22/2024-07-28,Event Visitors,137
2024-07-22/2024-07-28,Faculty,87
2024-07-22/2024-07-28,Housekeeping,1195
2024-07-22/2024-07-28,Kadamba Nivas,50
2024-07-22/2024-07-28,Mess Workers,183
2024-07-22/2024-07-28,Milk & Paper,59
2024-07-22/2024-07-28,Palash Nivas,292
2024-07-22/2024-07-28,Parijat Nivas,59
2024-07-22/2024-07-28,Security,447
2024-07-22/2024-07-28,Vendors,290
2024-07-22/2024-07-28,Visitors,184
2024-07-29/2024-08-04,Bakul Nivas,26
2024-07-29/2024-08-04,Cabs,1545
2024-07-29/2024-08-04,Event Visitors,65
2024-07-29/2024-08-04,Faculty,79
2024-07-29/2024-08-04,Housekeeping,1065
2024-07-29/2024-08-04,Kadamba Nivas,22
2024-07-29/2024-08-04,Mess Workers,164
2024-07-29/2024-08-04,Milk & Paper,58
2024-07-29/2024-08-04,Palash Nivas,292
2024-07-29/2024-08-04,Parijat Nivas,79
2024-07-29/2024-08-04,Security,382
2024-07-29/2024-08-04,Vendors,373
2024-07-29/2024-08-04,Visitors,129
2024-08-05/2024-08-11,Cabs,1812
2024-08-05/2024-08-11,Event Visitors,78
2024-08-05/2024-08-11,Faculty,81
2024-08-05/2024-08-11,Housekeeping,1305
2024-08-05/2024-08-11,Kadamba Nivas,4
2024-08-05/2024-08-11,Mess Workers,178
2024-08-05/2024-08-11,Milk & Paper,62
2024-08-05/2024-08-11,Palash Nivas,49
2024-08-05/2024-08-11,Parijat Nivas,31
2024-08-05/2024-08-11,Security,453
2024-08-05/2024-08-11,Vendors,484
2024-08-05/2024-08-11,Visitors,164
2024-08-12/2024-08-18,Bakul Nivas,4
2024-08-12/2024-08-18,Cabs,1747
2024-08-12/2024-08-18,Event Visitors,37
2024-08-12/2024-08-18,Faculty,85
2024-08-12/2024-08-18,Housekeeping,1054
2024-08-12/2024-08-18,Kadamba Nivas,4
2024-08-12/2024-08-18,Mess Workers,175
2024-08-12/2024-08-18,Milk & Paper,70
2024-08-12/2024-08-18,Palash Nivas,32
2024-08-12/2024-08-18,Parijat Nivas,41
2024-08-12/2024-08-18,Security,455
2024-08-12/2024-08-18,Vendors,439
2024-08-12/2024-08-18,Visitors,126
2024-08-19/2024-08-25,Bakul Nivas,2
2024-08-19/2024-08-25,Cabs,1556
2024-08-19/2024-08-25,Event Visitors,201
2024-08-19/2024-08-25,Faculty,88
2024-08-19/2024-08-25,Housekeeping,1230
2024-08-19/2024-08-25,Kadamba Nivas,3
2024-08-19/2024-08-25,Mess Workers,167
2024-08-19/2024-08-25,Milk & Paper,66
2024-08-19/2024-08-25,Palash Nivas,11
2024-08-19/2024-08-25,Parijat Nivas,19
2024-08-19/2024-08-25,Security,455
2024-08-19/2024-08-25,Vendors,394
2024-08-19/2024-08-25,Visitors,182
2024-08-26/2024-09-01,Cabs,2011
2024-08-26/2024-09-01,Event Visitors,325
2024-08-26/2024-09-01,Faculty,101
2024-08-26/2024-09-01,Housekeeping,1244
2024-08-26/2024-09-01,Kadamba Nivas,1
2024-08-26/2024-09-01,Mess Workers,181
2024-08-26/2024-09-01,Milk & Paper,71
2024-08-26/2024-09-01,Palash Nivas,15
2024-08-26/2024-09-01,Parijat Nivas,32
2024-08-26/2024-09-01,Security,455
2024-08-26/2024-09-01,Vendors,447
2024-08-26/2024-09-01,Visitors,105
2024-09-02/2024-09-08,Bakul Nivas,5
2024-09-02/2024-09-08,Cabs,1919
2024-09-02/2024-09-08,Event Visitors,70
2024-09-02/2024-09-08,Faculty,77
2024-09-02/2024-09-08,Housekeeping,1076
2024-09-02/2024-09-08,Kadamba Nivas,3
2024-09-02/2024-09-08,Mess Workers,158
2024-09-02/2024-09-08,Milk & Paper,67
2024-09-02/2024-09-08,Palash Nivas,21
2024-09-02/2024-09-08,Parijat Nivas,17
2024-09-02/2024-09-08,Security,455
2024-09-02/2024-09-08,Vendors,438
2024-09-02/2024-09-08,Visitors,137
2024-09-09/2024-09-15,Cabs,1851
2024-09-09/2024-09-15,Event Visitors,68
2024-09-09/2024-09-15,Faculty,99
2024-09-09/2024-09-15,Housekeeping,1242
2024-09-09/2024-09-15,Kadamba Nivas,2
2024-09-09/2024-09-15,Mess Workers,187
2024-09-09/2024-09-15,Milk & Paper,71
2024-09-09/2024-09-15,Palash Nivas,19
2024-09-09/2024-09-15,Parijat Nivas,27
2024-09-09/2024-09-15,Security,455
2024-09-09/2024-09-15,Vendors,334
2024-09-09/2024-09-15,Visitors,119
2024-09-16/2024-09-22,Cabs,1529
2024-09-16/2024-09-22,Event Visitors,51
2024-09-16/2024-09-22,Faculty,84
2024-09-16/2024-09-22,Housekeeping,1029
2024-09-16/2024-09-22,Kadamba Nivas,1
2024-09-16/2024-09-22,Mess Workers,167
2024-09-16/2024-09-22,Milk & Paper,63
2024-09-16/2024-09-22,Palash Nivas,8
2024-09-16/2024-09-22,Parijat Nivas,28
2024-09-16/2024-09-22,Security,455
2024-09-16/2024-09-22,Vendors,371
2024-09-16/2024-09-22,Visitors,111
2024-09-23/2024-09-29,Bakul Nivas,3
2024-09-23/2024-09-29,Cabs,2000
2024-09-23/2024-09-29,Event Visitors,510
2024-09-23/2024-09-29,Faculty,101
2024-09-23/2024-09-29,Housekeeping,1249
2024-09-23/2024-09-29,Kadamba Nivas,9
2024-09-23/2024-09-29,Mess Workers,186
2024-09-23/2024-09-29,Milk & Paper,68
2024-09-23/2024-09-29,Palash Nivas,17
2024-09-23/2024-09-29,Parijat Nivas,35
2024-09-23/2024-09-29,Security,455
2024-09-23/2024-09-29,Vendors,460
2024-09-23/2024-09-29,Visitors,121
2024-09-30/2024-10-06,Bakul Nivas,1
2024-09-30/2024-10-06,Cabs,1718
2024-09-30/2024-10-06,Event Visitors,275
2024-09-30/2024-10-06,Faculty,60
2024-09-30/2024-10-06,Housekeeping,877
2024-09-30/2024-10-06,Kadamba Nivas,4
2024-09-30/2024-10-06,Mess Workers,140
2024-09-30/2024-10-06,Milk & Paper,82
2024-09-30/2024-10-06,Palash Nivas,16
2024-09-30/2024-10-06,Parijat Nivas,19
2024-09-30/2024-10-06,Security,390
2024-09-30/2024-10-06,Vendors,371
2024-09-30/2024-10-06,Visitors,105
2024-10-07/2024-10-13,Bakul Nivas,2
2024-10-07/2024-10-13,Cabs,1736
2024-10-07/2024-10-13,Event Visitors,9
2024-10-07/2024-10-13,Faculty,67
2024-10-07/2024-10-13,Housekeeping,1022
2024-10-07/2024-10-13,Kadamba Nivas,4
2024-10-07/2024-10-13,Mess Workers,166
2024-10-07/2024-10-13,Milk & Paper,121
2024-10-07/2024-10-13,Palash Nivas,18
2024-10-07/2024-10-13,Parijat Nivas,38
2024-10-07/2024-10-13,Security,455
2024-10-07/2024-10-13,Vendors,478
2024-10-07/2024-10-13,Visitors,80
2024-10-14/2024-10-20,Bakul Nivas,1
2024-10-14/2024-10-20,Cabs,1864
2024-10-14/2024-10-20,Event Visitors,44
2024-10-14/2024-10-20,Faculty,74
2024-10-14/2024-10-20,Housekeeping,1191
2024-10-14/2024-10-20,Kadamba Nivas,1
2024-10-14/2024-10-20,Mess Workers,174
2024-10-14/2024-10-20,Milk & Paper,123
2024-10-14/2024-10-20,Palash Nivas,25
2024-10-14/2024-10-20,Parijat Nivas,30
2024-10-14/2024-10-20,Security,455
2024-10-14/2024-10-20,Vendors,522
2024-10-14/2024-10-20,Visitors,107
2024-10-21/2024-10-27,Bakul Nivas,1
2024-10-21/2024-10-27,Cabs,1948
2024-10-21/2024-10-27,Event Visitors,400
2024-10-21/2024-10-27,Faculty,100
2024-10-21/2024-10-27,Housekeeping,1222
2024-10-21/2024-10-27,Kadamba Nivas,3
2024-10-21/2024-10-27,Mess Workers,192
2024-10-21/2024-10-27,Milk & Paper,117
2024-10-21/2024-10-27,Palash Nivas,18
2024-10-21/2024-10-27,Parijat Nivas,34
2024-10-21/2024-10-27,Security,455
2024-10-21/2024-10-27,Vendors,471
2024-10-21/2024-10-27,Visitors,109
2024-10-28/2024-11-03,Bakul Nivas,1
2024-10-28/2024-11-03,Cabs,1414
2024-10-28/2024-11-03,Event Visitors,14
2024-10-28/2024-11-03,Faculty,53
2024-10-28/2024-11-03,Housekeeping,906
2024-10-28/2024-11-03,Kadamba Nivas,1
2024-10-28/2024-11-03,Mess Workers,160
2024-10-28/2024-11-03,Milk & Paper,108
2024-10-28/2024-11-03,Palash Nivas,18
2024-10-28/2024-11-03,Parijat Nivas,45
2024-10-28/2024-11-03,Security,455
2024-10-28/2024-11-03,Vendors,378
2024-10-28/2024-11-03,Visitors,101
2024-11-04/2024-11-10,Cabs,2069
2024-11-04/2024-11-10,Event Visitors,117
2024-11-04/2024-11-10,Faculty,99
2024-11-04/2024-11-10,Housekeeping,1224
2024-11-04/2024-11-10,Kadamba Nivas,1
2024-11-04/2024-11-10,Mess Workers,170
2024-11-04/2024-11-10,Milk & Paper,113
2024-11-04/2024-11-10,Palash Nivas,27
2024-11-04/2024-11-10,Parijat Nivas,22
2024-11-04/2024-11-10,Security,455
2024-11-04/2024-11-10,Vendors,440
2024-11-04/2024-11-10,Visitors,137
2024-11-11/2024-11-17,Bakul Nivas,1
2024-11-11/2024-11-17,Cabs,2174
2024-11-11/2024-11-17,Event Visitors,167
2024-11-11/2024-11-17,Faculty,84
2024-11-11/2024-11-17,Housekeeping,1230
2024-11-11/2024-11-17,Mess Workers,161
2024-11-11/2024-11-17,Milk & Paper,112
2024-11-11/2024-11-17,Palash Nivas,23
2024-11-11/2024-11-17,Parijat Nivas,33
2024-11-11/2024-11-17,Security,455
2024-11-11/2024-11-17,Vendors,513
2024-11-11/2024-11-17,Visitors,198
2024-11-18/2024-11-24,Cabs,1574
2024-11-18/2024-11-24,Event Visitors,491
2024-11-18/2024-11-24,Faculty,105
2024-11-18/2024-11-24,Housekeeping,1079
2024-11-18/2024-11-24,Kadamba Nivas,1
2024-11-18/2024-11-24,Mess Workers,158
2024-11-18/2024-11-24,Milk & Paper,126
2024-11-18/2024-11-24,Palash Nivas,22
2024-11-18/2024-11-24,Parijat Nivas,24
2024-11-18/2024-11-24,Security,455
2024-11-18/2024-11-24,Vendors,490
2024-11-18/2024-11-24,Visitors,165
2024-11-25/2024-12-01,Cabs,2126
2024-11-25/2024-12-01,Event Visitors,223
2024-11-25/2024-12-01,Faculty,96
2024-11-25/2024-12-01,Housekeeping,1247
2024-11-25/2024-12-01,Kadamba Nivas,2
2024-11-25/2024-12-01,Mess Workers,174
2024-11-25/2024-12-01,Milk & Paper,121
2024-11-25/2024-12-01,Palash Nivas,13
2024-11-25/2024-12-01,Parijat Nivas,40
2024-11-25/2024-12-01,Security,455
2024-11-25/2024-12-01,Vendors,479
2024-11-25/2024-12-01,Visitors,201
2024-12-02/2024-12-08,Cabs,2255
2024-12-02/2024-12-08,Event Visitors,261
2024-12-02/2024-12-08,Faculty,85
2024-12-02/2024-12-08,Housekeeping,1235
2024-12-02/2024-12-08,Kadamba Nivas,5
2024-12-02/2024-12-08,Mess Workers,151
2024-12-02/2024-12-08,Milk & Paper,104
2024-12-02/2024-12-08,Palash Nivas,26
2024-12-02/2024-12-08,Parijat Nivas,74
2024-12-02/2024-12-08,Security,455
2024-12-02/2024-12-08,Vendors,574
2024-12-02/2024-12-08,Visitors,217
2024-12-09/2024-12-15,Cabs,1673
2024-12-09/2024-12-15,Event Visitors,110
2024-12-09/2024-12-15,Faculty,70
2024-12-09/2024-12-15,Housekeeping,1156
2024-12-09/2024-12-15,Kadamba Nivas,9
2024-12-09/2024-12-15,Mess Workers,162
2024-12-09/2024-12-15,Milk & Paper,101
2024-12-09/2024-12-15,Palash Nivas,82
2024-12-09/2024-12-15,Parijat Nivas,131
2024-12-09/2024-12-15,Security,455
2024-12-09/2024-12-15,Vendors,737
2024-12-09/2024-12-15,Visitors,265
2024-12-16/2024-12-22,Cabs,1424
2024-12-16/2024-12-22,Event Visitors,221
2024-12-16/2024-12-22,Faculty,70
2024-12-16/2024-12-22,Housekeeping,1217
2024-12-16/2024-12-22,Kadamba Nivas,1
2024-12-16/2024-12-22,Mess Workers,138
2024-12-16/2024-12-22,Milk & Paper,114
2024-12-16/2024-12-22,Palash Nivas,83
2024-12-16/2024-12-22,Parijat Nivas,51
2024-12-16/2024-12-22,Security,455
2024-12-16/2024-12-22,Vendors,561
2024-12-16/2024-12-22,Visitors,208
2024-12-23/2024-12-29,Bakul Nivas,3
2024-12-23/2024-12-29,Cabs,1307
2024-12-23/2024-12-29,Faculty,49
2024-12-23/2024-12-29,Housekeeping,998
2024-12-23/2024-12-29,Kadamba Nivas,2
2024-12-23/2024-12-29,Mess Workers,138
2024-12-23/2024-12-29,Milk & Paper,105
2024-12-23/2024-12-29,Palash Nivas,72
2024-12-23/2024-12-29,Parijat Nivas,56
2024-12-23/2024-12-29,Security,455
2024-12-23/2024-12-29,Vendors,527
2024-12-23/2024-12-29,Visitors,97
2024-12-30/2025-01-05,Bakul Nivas,10
2024-12-30/2025-01-05,Cabs,2138
2024-12-30/2025-01-05,Event Visitors,675
2024-12-30/2025-01-05,Faculty,91
2024-12-30/2025-01-05,Housekeeping,1163
2024-12-30/2025-01-05,Kadamba Nivas,7
2024-12-30/2025-01-05,Mess Workers,157
2024-12-30/2025-01-05,Milk & Paper,103
2024-12-30/2025-01-05,Palash Nivas,120
2024-12-30/2025-01-05,Parijat Nivas,132
2024-12-30/2025-01-05,Security,455
2024-12-30/2025-01-05,Vendors,368
2024-12-30/2025-01-05,Visitors,192
2025-01-06/2025-01-12,Bakul Nivas,1
2025-01-06/2025-01-12,Cabs,2241
2025-01-06/2025-01-12,Faculty,87
2025-01-06/2025-01-12,Housekeeping,1257
2025-01-06/2025-01-12,Kadamba Nivas,4
2025-01-06/2025-01-12,Mess Workers,167
2025-01-06/2025-01-12,Milk & Paper,112
2025-01-06/2025-01-12,Palash Nivas,38
2025-01-06/2025-01-12,Parijat Nivas,45
2025-01-06/2025-01-12,Security,455
2025-01-06/2025-01-12,Vendors,311
2025-01-06/2025-01-12,Visitors,174
2025-01-13/2025-01-19,Bakul Nivas,2
2025-01-13/2025-01-19,Cabs,1748
2025-01-13/2025-01-19,Event Visitors,340
2025-01-13/2025-01-19,Faculty,71
2025-01-13/2025-01-19,Housekeeping,930
2025-01-13/2025-01-19,Kadamba Nivas,1
2025-01-13/2025-01-19,Mess Workers,158
2025-01-13/2025-01-19,Milk & Paper,100
2025-01-13/2025-01-19,Palash Nivas,20
2025-01-13/2025-01-19,Parijat Nivas,28
2025-01-13/2025-01-19,Security,455
2025-01-13/2025-01-19,Vendors,211
2025-01-13/2025-01-19,Visitors,119
2025-01-20/2025-01-26,Bakul Nivas,2
2025-01-20/2025-01-26,Cabs,2148
2025-01-20/2025-01-26,Event Visitors,161
2025-01-20/2025-01-26,Faculty,91
2025-01-20/2025-01-26,Housekeeping,1294
2025-01-20/2025-01-26,Kadamba Nivas,5
2025-01-20/2025-01-26,Mess Workers,176
2025-01-20/2025-01-26,Milk & Paper,113
2025-01-20/2025-01-26,Palash Nivas,29
2025-01-20/2025-01-26,Parijat Nivas,10
2025-01-20/2025-01-26,Security,455
2025-01-20/2025-01-26,Vendors,312
2025-01-20/2025-01-26,Visitors,161
2025-01-27/2025-02-02,Bakul Nivas,1
2025-01-27/2025-02-02,Cabs,1957
2025-01-27/2025-02-02,Event Visitors,444
2025-01-27/2025-02-02,Faculty,109
2025-01-27/2025-02-02,Housekeeping,1232
2025-01-27/2025-02-02,Kadamba Nivas,3
2025-01-27/2025-02-02,Mess Workers,194
2025-01-27/2025-02-02,Milk & Paper,103
2025-01-27/2025-02-02,Palash Nivas,52
2025-01-27/2025-02-02,Parijat Nivas,33
2025-01-27/2025-02-02,Security,455
2025-01-27/2025-02-02,Vendors,368
2025-01-27/2025-02-02,Visitors,127
2025-02-03/2025-02-09,Bakul Nivas,1
2025-02-03/2025-02-09,Cabs,2176
2025-02-03/2025-02-09,Event Visitors,632
2025-02-03/2025-02-09,Faculty,105
2025-02-03/2025-02-09,Housekeeping,1138
2025-02-03/2025-02-09,Kadamba Nivas,6
2025-02-03/2025-02-09,Mess Workers,178
2025-02-03/2025-02-09,Milk & Paper,98
2025-02-03/2025-02-09,Palash Nivas,91
2025-02-03/2025-02-09,Parijat Nivas,34
2025-02-03/2025-02-09,Security,455
2025-02-03/2025-02-09,Vendors,395
2025-02-03/2025-02-09,Visitors,145
2025-02-10/2025-02-16,Bakul Nivas,2
2025-02-10/2025-02-16,Cabs,2251
2025-02-10/2025-02-16,Event Visitors,758
2025-02-10/2025-02-16,Faculty,106
2025-02-10/2025-02-16,Housekeeping,1216
2025-02-10/2025-02-16,Kadamba Nivas,3
2025-02-10/2025-02-16,Mess Workers,146
2025-02-10/2025-02-16,Milk & Paper,91
2025-02-10/2025-02-16,Palash Nivas,91
2025-02-10/2025-02-16,Parijat Nivas,24
2025-02-10/2025-02-16,Security,455
2025-02-10/2025-02-16,Vendors,329
2025-02-10/2025-02-16,Visitors,95
2025-02-17/2025-02-23,Cabs,1748
2025-02-17/2025-02-23,Event Visitors,140
2025-02-17/2025-02-23,Faculty,72
2025-02-17/2025-02-23,Housekeeping,1054
2025-02-17/2025-02-23,Kadamba Nivas,1
2025-02-17/2025-02-23,Mess Workers,116
2025-02-17/2025-02-23,Milk & Paper,83
2025-02-17/2025-02-23,Palash Nivas,62
2025-02-17/2025-02-23,Parijat Nivas,19
2025-02-17/2025-02-23,Security,390
2025-02-17/2025-02-23,Vendors,262
2025-02-17/2025-02-23,Visitors,123
2025-02-24/2025-03-02,Bakul Nivas,3
2025-02-24/2025-03-02,Cabs,1943
2025-02-24/2025-03-02,Event Visitors,417
2025-02-24/2025-03-02,Faculty,95
2025-02-24/2025-03-02,Housekeeping,1084
2025-02-24/2025-03-02,Kadamba Nivas,5
2025-02-24/2025-03-02,Mess Workers,181
2025-02-24/2025-03-02,Milk & Paper,97
2025-02-24/2025-03-02,Palash Nivas,68
2025-02-24/2025-03-02,Parijat Nivas,23
2025-02-24/2025-03-02,Security,455
2025-02-24/2025-03-02,Vendors,310
2025-02-24/2025-03-02,Visitors,115
2025-03-03/2025-03-09,Cabs,1836
2025-03-03/2025-03-09,Event Visitors,1307
2025-03-03/2025-03-09,Faculty,89
2025-03-03/2025-03-09,Housekeeping,1115
2025-03-03/2025-03-09,Kadamba Nivas,4
2025-03-03/2025-03-09,Mess Workers,154
2025-03-03/2025-03-09,Milk & Paper,87
2025-03-03/2025-03-09,Palash Nivas,57
2025-03-03/2025-03-09,Parijat Nivas,22
2025-03-03/2025-03-09,Security,390
2025-03-03/2025-03-09,Vendors,253
2025-03-03/2025-03-09,Visitors,151
2025-03-10/2025-03-16,Bakul Nivas,1
2025-03-10/2025-03-16,Cabs,2066
2025-03-10/2025-03-16,Event Visitors,102
2025-03-10/2025-03-16,Faculty,87
2025-03-10/2025-03-16,Housekeeping,1135
2025-03-10/2025-03-16,Kadamba Nivas,6
2025-03-10/2025-03-16,Mess Workers,170
2025-03-10/2025-03-16,Milk & Paper,99
2025-03-10/2025-03-16,Palash Nivas,50
2025-03-10/2025-03-16,Parijat Nivas,30
2025-03-10/2025-03-16,Security,451
2025-03-10/2025-03-16,Vendors,396
2025-03-10/2025-03-16,Visitors,135
2025-03-17/2025-03-23,Bakul Nivas,2
2025-03-17/2025-03-23,Cabs,2250
2025-03-17/2025-03-23,Event Visitors,428
2025-03-17/2025-03-23,Faculty,78
2025-03-17/2025-03-23,Housekeeping,1078
2025-03-17/2025-03-23,Kadamba Nivas,2
2025-03-17/2025-03-23,Mess Workers,123
2025-03-17/2025-03-23,Milk & Paper,85
2025-03-17/2025-03-23,Palash Nivas,40
2025-03-17/2025-03-23,Parijat Nivas,28
2025-03-17/2025-03-23,Security,380
2025-03-17/2025-03-23,Vendors,307
2025-03-17/2025-03-23,Visitors,311
2025-03-24/2025-03-30,Bikes,90
2025-03-24/2025-03-30,Cabs,2260
2025-03-24/2025-03-30,Event Visitors,194
2025-03-24/2025-03-30,Faculty,106
2025-03-24/2025-03-30,Housekeeping,1121
2025-03-24/2025-03-30,Kadamba Nivas,4
2025-03-24/2025-03-30,Mess Workers,159
2025-03-24/2025-03-30,Milk & Paper,95
2025-03-24/2025-03-30,Palash Nivas,55
2025-03-24/2025-03-30,Parijat Nivas,26
2025-03-24/2025-03-30,Security,455
2025-03-24/2025-03-30,Vendors,359
2025-03-24/2025-03-30,Visitors,156
2025-03-31/2025-04-06,Bakul Nivas,2
2025-03-31/2025-04-06,Bikes,249
2025-03-31/2025-04-06,Cabs,2090
2025-03-31/2025-04-06,Event Visitors,53
2025-03-31/2025-04-06,Faculty,79
2025-03-31/2025-04-06,Housekeeping,1106
2025-03-31/2025-04-06,Kadamba Nivas,1
2025-03-31/2025-04-06,Mess Workers,147
2025-03-31/2025-04-06,Milk & Paper,98
2025-03-31/2025-04-06,Palash Nivas,46
2025-03-31/2025-04-06,Parijat Nivas,16
2025-03-31/2025-04-06,Security,455
2025-03-31/2025-04-06,Vendors,284
2025-03-31/2025-04-06,Visitors,168
2025-04-07/2025-04-13,Aroyga & Bank,8
2025-04-07/2025-04-13,Bikes,182
2025-04-07/2025-04-13,Cabs,1925
2025-04-07/2025-04-13,Event Visitors,141
2025-04-07/2025-04-13,Faculty,102
2025-04-07/2025-04-13,Food & Courier Delivery,388
2025-04-07/2025-04-13,Housekeeping,1173
2025-04-07/2025-04-13,Kadamba Nivas,7
2025-04-07/2025-04-13,Mess Workers,163
2025-04-07/2025-04-13,Milk & Paper,101
2025-04-07/2025-04-13,Palash Nivas,59
2025-04-07/2025-04-13,Parijat Nivas,41
2025-04-07/2025-04-13,Security,390
2025-04-07/2025-04-13,Staff,5
2025-04-07/2025-04-13,Vendors,275
2025-04-07/2025-04-13,Visitors,181
2025-04-14/2025-04-20,Aroyga & Bank,57
2025-04-14/2025-04-20,Faculty,87
2025-04-14/2025-04-20,Food & Courier Delivery,2613
2025-04-14/2025-04-20,Housekeeping,139
2025-04-14/2025-04-20,Kadamba Nivas,3
2025-04-14/2025-04-20,Magic Pin,23
2025-04-14/2025-04-20,Mess Workers,192
2025-04-14/2025-04-20,Milk & Paper,105
2025-04-14/2025-04-20,Palash Nivas,77
2025-04-14/2025-04-20,Parijat Nivas,23
2025-04-14/2025-04-20,Staff,631
2025-04-14/2025-04-20,Vendors,586
2025-04-21/2025-04-27,Aroyga & Bank,62
2025-04-21/2025-04-27,Bakul Nivas,1
2025-04-21/2025-04-27,Faculty,103
2025-04-21/2025-04-27,Food & Courier Delivery,3080
2025-04-21/2025-04-27,Housekeeping,148
2025-04-21/2025-04-27,Kadamba Nivas,1
2025-04-21/2025-04-27,Magic Pin,90
2025-04-21/2025-04-27,Mess Workers,199
2025-04-21/2025-04-27,Milk & Paper,96
2025-04-21/2025-04-27,Palash Nivas,47
2025-04-21/2025-04-27,Parijat Nivas,34
2025-04-21/2025-04-27,Staff,697
2025-04-21/2025-04-27,Vendors,565
2025-04-28/2025-05-04,Aroyga & Bank,65
2025-04-28/2025-05-04,Faculty,99
2025-04-28/2025-05-04,Food & Courier Delivery,3321
2025-04-28/2025-05-04,Housekeeping,153
2025-04-28/2025-05-04,Kadamba Nivas,1
2025-04-28/2025-05-04,Magic Pin,27
2025-04-28/2025-05-04,Mess Workers,223
2025-04-28/2025-05-04,Milk & Paper,97
2025-04-28/2025-05-04,Palash Nivas,40
2025-04-28/2025-05-04,Parijat Nivas,35
2025-04-28/2025-05-04,Staff,791
2025-04-28/2025-05-04,Vendors,556
2025-05-05/2025-05-11,Aroyga & Bank,55
2025-05-05/2025-05-11,Bakul Nivas,3
2025-05-05/2025-05-11,Faculty,88
2025-05-05/2025-05-11,Food & Courier Delivery,2116
2025-05-05/2025-05-11,Housekeeping,148
2025-05-05/2025-05-11,Kadamba Nivas,5
2025-05-05/2025-05-11,Magic Pin,64
2025-05-05/2025-05-11,Mess Workers,241
2025-05-05/2025-05-11,Milk & Paper,86
2025-05-05/2025-05-11,Palash Nivas,67
2025-05-05/2025-05-11,Parijat Nivas,33
2025-05-05/2025-05-11,Staff,646
2025-05-05/2025-05-11,Vendors,640
2025-05-12/2025-05-18,Aroyga & Bank,61
2025-05-12/2025-05-18,Faculty,75
2025-05-12/2025-05-18,Food & Courier Delivery,1460
2025-05-12/2025-05-18,Housekeeping,152
2025-05-12/2025-05-18,Kadamba Nivas,1
2025-05-12/2025-05-18,Magic Pin,19
2025-05-12/2025-05-18,Mess Workers,250
2025-05-12/2025-05-18,Milk & Paper,92
2025-05-12/2025-05-18,Palash Nivas,76
2025-05-12/2025-05-18,Parijat Nivas,24
2025-05-12/2025-05-18,Staff,697
2025-05-12/2025-05-18,Vendors,587
2025-05-19/2025-05-25,Aroyga & Bank,63
2025-05-19/2025-05-25,Faculty,79
2025-05-19/2025-05-25,Food & Courier Delivery,1120
2025-05-19/2025-05-25,Housekeeping,150
2025-05-19/2025-05-25,Kadamba Nivas,2
2025-05-19/2025-05-25,Magic Pin,46
2025-05-19/2025-05-25,Mess Workers,234
2025-05-19/2025-05-25,Milk & Paper,83
2025-05-19/2025-05-25,Palash Nivas,121
2025-05-19/2025-05-25,Parijat Nivas,43
2025-05-19/2025-05-25,Staff,674
2025-05-19/2025-05-25,Vendors,665
2025-05-26/2025-06-01,Aroyga & Bank,68
2025-05-26/2025-06-01,Faculty,79
2025-05-26/2025-06-01,Food & Courier Delivery,1361
2025-05-26/2025-06-01,Housekeeping,146
2025-05-26/2025-06-01,Kadamba Nivas,4
2025-05-26/2025-06-01,Magic Pin,53
2025-05-26/2025-06-01,Mess Workers,244
2025-05-26/2025-06-01,Milk & Paper,88
2025-05-26/2025-06-01,Palash Nivas,124
2025-05-26/2025-06-01,Parijat Nivas,34
2025-05-26/2025-06-01,Staff,772
2025-05-26/2025-06-01,Vendors,709
2025-05-26/2025-06-01,Visitors,168
2025-06-02/2025-06-08,Aroyga & Bank,57
2025-06-02/2025-06-08,Faculty,71
2025-06-02/2025-06-08,Food & Courier Delivery,1498
2025-06-02/2025-06-08,Housekeeping,131
2025-06-02/2025-06-08,Kadamba Nivas,19
2025-06-02/2025-06-08,Magic Pin,64
2025-06-02/2025-06-08,Mess Workers,187
2025-06-02/2025-06-08,Milk & Paper,80
2025-06-02/2025-06-08,Palash Nivas,97
2025-06-02/2025-06-08,Parijat Nivas,51
2025-06-02/2025-06-08,Staff,613
2025-06-02/2025-06-08,Vendors,611
2025-06-02/2025-06-08,Visitors,543
2025-06-09/2025-06-15,Aroyga & Bank,62
2025-06-09/2025-06-15,Bakul Nivas,7
2025-06-09/2025-06-15,Faculty,94
2025-06-09/2025-06-15,Food & Courier Delivery,1601
2025-06-09/2025-06-15,Housekeeping,149
2025-06-09/2025-06-15,Kadamba Nivas,18
2025-06-09/2025-06-15,Magic Pin,31
2025-06-09/2025-06-15,Mess Workers,257
2025-06-09/2025-06-15,Milk & Paper,81
2025-06-09/2025-06-15,Palash Nivas,92
2025-06-09/2025-06-15,Parijat Nivas,39
2025-06-09/2025-06-15,Staff,798
2025-06-09/2025-06-15,Vendors,806
2025-06-09/2025-06-15,Visitors,378
2025-06-16/2025-06-22,Aroyga & Bank,66
2025-06-16/2025-06-22,Bakul Nivas,16
2025-06-16/2025-06-22,Faculty,76
2025-06-16/2025-06-22,Food & Courier Delivery,1484
2025-06-16/2025-06-22,Housekeeping,152
2025-06-16/2025-06-22,Kadamba Nivas,20
2025-06-16/2025-06-22,Magic Pin,76
2025-06-16/2025-06-22,Mess Workers,195
2025-06-16/2025-06-22,Milk & Paper,79
2025-06-16/2025-06-22,Palash Nivas,111
2025-06-16/2025-06-22,Parijat Nivas,33
2025-06-16/2025-06-22,Staff,880
2025-06-16/2025-06-22,Vendors,830
2025-06-16/2025-06-22,Visitors,396
2025-06-23/2025-06-29,Aroyga & Bank,59
2025-06-23/2025-06-29,Bakul Nivas,12
2025-06-23/2025-06-29,Faculty,89
2025-06-23/2025-06-29,Food & Courier Delivery,1569
2025-06-23/2025-06-29,Housekeeping,152
2025-06-23/2025-06-29,Kadamba Nivas,16
2025-06-23/2025-06-29,Magic Pin,46
2025-06-23/2025-06-29,Mess Workers,219
2025-06-23/2025-06-29,Milk & Paper,84
2025-06-23/2025-06-29,Palash Nivas,160
2025-06-23/2025-06-29,Parijat Nivas,82
2025-06-23/2025-06-29,Staff,989
2025-06-23/2025-06-29,Vendors,906
2025-06-23/2025-06-29,Visitors,397
2025-06-30/2025-07-06,Aroyga & Bank,58
2025-06-30/2025-07-06,Bakul Nivas,3
2025-06-30/2025-07-06,Faculty,88
2025-06-30/2025-07-06,Food & Courier Delivery,1290
2025-06-30/2025-07-06,Housekeeping,138
2025-06-30/2025-07-06,Kadamba Nivas,18
2025-06-30/2025-07-06,Magic Pin,42
2025-06-30/2025-07-06,Mess Workers,152
2025-06-30/2025-07-06,Milk & Paper,74
2025-06-30/2025-07-06,Palash Nivas,83
2025-06-30/2025-07-06,Parijat Nivas,47
2025-06-30/2025-07-06,Staff,950
2025-06-30/2025-07-06,Vendors,997
2025-06-30/2025-07-06,Visitors,844
2025-07-07/2025-07-13,Alumini,118
2025-07-07/2025-07-13,Aroyga & Bank,56
2025-07-07/2025-07-13,Faculty,94
2025-07-07/2025-07-13,Food & Courier Delivery,1535
2025-07-07/2025-07-13,Housekeeping,164
2025-07-07/2025-07-13,Kadamba Nivas,32
2025-07-07/2025-07-13,Magic Pin,7
2025-07-07/2025-07-13,Mess Workers,154
2025-07-07/2025-07-13,Milk & Paper,77
2025-07-07/2025-07-13,Palash Nivas,105
2025-07-07/2025-07-13,Parijat Nivas,38
2025-07-07/2025-07-13,Staff,1003
2025-07-07/2025-07-13,Vendors,1113
2025-07-07/2025-07-13,Visitors,435
2025-07-14/2025-07-20,Alumini,28
2025-07-14/2025-07-20,Aroyga & Bank,64
2025-07-14/2025-07-20,Bakul Nivas,1
2025-07-14/2025-07-20,Faculty,82
2025-07-14/2025-07-20,Food & Courier Delivery,1359
2025-07-14/2025-07-20,Housekeeping,161
2025-07-14/2025-07-20,Kadamba Nivas,23
2025-07-14/2025-07-20,Mess Workers,155
2025-07-14/2025-07-20,Milk & Paper,81
2025-07-14/2025-07-20,Palash Nivas,12
2025-07-14/2025-07-20,Parijat Nivas,10
2025-07-14/2025-07-20,Staff,928
2025-07-14/2025-07-20,Vendors,887
2025-07-14/2025-07-20,Visitors,1050
2025-07-21/2025-07-27,Alumini,17
2025-07-21/2025-07-27,Aroyga & Bank,57
2025-07-21/2025-07-27,Bakul Nivas,2
2025-07-21/2025-07-27,Faculty,83
2025-07-21/2025-07-27,Food & Courier Delivery,1552
2025-07-21/2025-07-27,Housekeeping,160
2025-07-21/2025-07-27,Kadamba Nivas,14
2025-07-21/2025-07-27,Magic Pin,24
2025-07-21/2025-07-27,Mess Workers,247
2025-07-21/2025-07-27,Milk & Paper,74
2025-07-21/2025-07-27,Palash Nivas,12
2025-07-21/2025-07-27,Parijat Nivas,12
2025-07-21/2025-07-27,Staff,885
2025-07-21/2025-07-27,Vendors,810
2025-07-21/2025-07-27,Visitors,25
2025-07-28/2025-08-03,Alumini,19
2025-07-28/2025-08-03,Aroyga & Bank,70
2025-07-28/2025-08-03,Bakul Nivas,50
2025-07-28/2025-08-03,Faculty,102
2025-07-28/2025-08-03,Food & Courier Delivery,1849
2025-07-28/2025-08-03,Housekeeping,166
2025-07-28/2025-08-03,Kadamba Nivas,31
2025-07-28/2025-08-03,Magic Pin,101
2025-07-28/2025-08-03,Mess Workers,305
2025-07-28/2025-08-03,Milk & Paper,77
2025-07-28/2025-08-03,Palash Nivas,82
2025-07-28/2025-08-03,Parijat Nivas,44
2025-07-28/2025-08-03,Staff,985
2025-07-28/2025-08-03,Vendors,864
2025-07-28/2025-08-03,Visitors Vehicle,55
2025-08-04/2025-08-10,Alumini,26
2025-08-04/2025-08-10,Aroyga & Bank,52
2025-08-04/2025-08-10,Bakul Nivas,9
2025-08-04/2025-08-10,Faculty,81
2025-08-04/2025-08-10,Food & Courier Delivery,1662
2025-08-04/2025-08-10,Housekeeping,138
2025-08-04/2025-08-10,Kadamba Nivas,10
2025-08-04/2025-08-10,Magic Pin,32
2025-08-04/2025-08-10,Mess Workers,271
2025-08-04/2025-08-10,Milk & Paper,65
2025-08-04/2025-08-10,Palash Nivas,27
2025-08-04/2025-08-10,Parijat Nivas,14
2025-08-04/2025-08-10,Staff,838
2025-08-04/2025-08-10,Vendors,650
2025-08-04/2025-08-10,Visitors Vechile,45
2025-08-11/2025-08-17,Alumini,30
2025-08-11/2025-08-17,Aroyga & Bank,53
2025-08-11/2025-08-17,Bakul Nivas,2
2025-08-11/2025-08-17,Faculty,90
2025-08-11/2025-08-17,Food & Courier Delivery,2108
2025-08-11/2025-08-17,Housekeeping,135
2025-08-11/2025-08-17,Kadamba Nivas,7
2025-08-11/2025-08-17,Magic Pin,95
2025-08-11/2025-08-17,Mess Workers,332
2025-08-11/2025-08-17,Milk & Paper,78
2025-08-11/2025-08-17,Palash Nivas,31
2025-08-11/2025-08-17,Parijat Nivas,4
2025-08-11/2025-08-17,Staff,843
2025-08-11/2025-08-17,Vendors,622
2025-08-18/2025-08-24,Alumini,25
2025-08-18/2025-08-24,Aroyga & Bank,63
2025-08-18/2025-08-24,Bakul Nivas,1
2025-08-18/2025-08-24,Faculty,95
2025-08-18/2025-08-24,Food & Courier Delivery,2224
2025-08-18/2025-08-24,Housekeeping,178
2025-08-18/2025-08-24,Kadamba Nivas,16
2025-08-18/2025-08-24,Magic Pin,39
2025-08-18/2025-08-24,Mess Workers,371
2025-08-18/2025-08-24,Milk & Paper,76
2025-08-18/2025-08-24,Palash Nivas,13
2025-08-18/2025-08-24,Parijat Nivas,6
2025-08-18/2025-08-24,Staff,1003
2025-08-18/2025-08-24,Vendors,635
2025-08-25/2025-08-31,Alumini,16
2025-08-25/2025-08-31,Aroyga & Bank,64
2025-08-25/2025-08-31,Bakul Nivas,4
2025-08-25/2025-08-31,Faculty,70
2025-08-25/2025-08-31,Food & Courier Delivery,2023
2025-08-25/2025-08-31,Garbage,12
2025-08-25/2025-08-31,Heavy Vehicles,73
2025-08-25/2025-08-31,Housekeeping,149
2025-08-25/2025-08-31,Kadamba Nivas,13
2025-08-25/2025-08-31,Lost & Found,196
2025-08-25/2025-08-31,Magic Pin,100
2025-08-25/2025-08-31,Mess Workers,347
2025-08-25/2025-08-31,Milk & Paper,79
2025-08-25/2025-08-31,Palash Nivas,14
2025-08-25/2025-08-31,Parijat Nivas,8
2025-08-25/2025-08-31,Staff,803
2025-08-25/2025-08-31,Vendors,684
2025-09-01/2025-09-07,Alumini,27
2025-09-01/2025-09-07,Aroyga & Bank,62
2025-09-01/2025-09-07,Bakul Nivas,4
2025-09-01/2025-09-07,Faculty,85
2025-09-01/2025-09-07,Food & Courier Delivery,2192
2025-09-01/2025-09-07,Garbage,15
2025-09-01/2025-09-07,Heavy Vehicles,73
2025-09-01/2025-09-07,Housekeeping,177
2025-09-01/2025-09-07,Kadamba Nivas,7
2025-09-01/2025-09-07,Lost & Found,39
2025-09-01/2025-09-07,Magic Pin,24
2025-09-01/2025-09-07,Mess Workers,320
2025-09-01/2025-09-07,Milk & Paper,88
2025-09-01/2025-09-07,Palash Nivas,18
2025-09-01/2025-09-07,Parijat Nivas,17
2025-09-01/2025-09-07,Staff,807
2025-09-01/2025-09-07,Vendors,610
2025-09-08/2025-09-14,Alumini,15
2025-09-08/2025-09-14,Aroyga & Bank,69
2025-09-08/2025-09-14,Bakul Nivas,2
2025-09-08/2025-09-14,Faculty,106
2025-09-08/2025-09-14,Food & Courier Delivery,1896
2025-09-08/2025-09-14,Garbage,13
2025-09-08/2025-09-14,Heavy Vehicles,54
2025-09-08/2025-09-14,Housekeeping,181
2025-09-08/2025-09-14,Kadamba Nivas,7
2025-09-08/2025-09-14,Lost & Found,12
2025-09-08/2025-09-14,Magic Pin,48
2025-09-08/2025-09-14,Mess Workers,309
2025-09-08/2025-09-14,Milk & Paper,83
2025-09-08/2025-09-14,Palash Nivas,44
2025-09-08/2025-09-14,Parijat Nivas,12
2025-09-08/2025-09-14,Staff,927
2025-09-08/2025-09-14,Vendors,759
2025-09-15/2025-09-21,Alumini,18
2025-09-15/2025-09-21,Aroyga & Bank,67
2025-09-15/2025-09-21,Bakul Nivas,2
2025-09-15/2025-09-21,Faculty,95
2025-09-15/2025-09-21,Food & Courier Delivery,2650
2025-09-15/2025-09-21,Garbage,11
2025-09-15/2025-09-21,Heavy Vehicles,77
2025-09-15/2025-09-21,Housekeeping,201
2025-09-15/2025-09-21,Kadamba Nivas,8
2025-09-15/2025-09-21,Lost & Found,7
2025-09-15/2025-09-21,Magic Pin,44
2025-09-15/2025-09-21,Mess Workers,303
2025-09-15/2025-09-21,Milk & Paper,106
2025-09-15/2025-09-21,Palash Nivas,28
2025-09-15/2025-09-21,Parijat Nivas,14
2025-09-15/2025-09-21,Staff,1022
2025-09-15/2025-09-21,Vendors,788
2025-09-22/2025-09-28,Alumini,10
2025-09-22/2025-09-28,Aroyga & Bank,39
2025-09-22/2025-09-28,Bakul Nivas,1
2025-09-22/2025-09-28,Faculty,84
2025-09-22/2025-09-28,Food & Courier Delivery,1786
2025-09-22/2025-09-28,Garbage,8
2025-09-22/2025-09-28,Heavy Vehicles,40
2025-09-22/2025-09-28,Housekeeping,115
2025-09-22/2025-09-28,Kadamba Nivas,1
2025-09-22/2025-09-28,Lost & Found,7
2025-09-22/2025-09-28,Magic Pin,56
2025-09-22/2025-09-28,Mess Workers,184
2025-09-22/2025-09-28,Milk & Paper,50
2025-09-22/2025-09-28,Palash Nivas,14
2025-09-22/2025-09-28,Parijat Nivas,10
2025-09-22/2025-09-28,Staff,679
2025-09-22/2025-09-28,Vendors,404
