Date,Total_Visitors,Unique_Categories,Year,Month,DayOfWeek,IsWeekend,Is_High_Traffic,Is_Low_Traffic,Traffic_Level,Estimated_Security_Needed,MA_7day,MA_30day,Volatility_7day
2024-02-10,1033,13,2024,2,Saturday,True,True,False,Very High,11.0,1033.0,1033.0,
2024-02-11,828,12,2024,2,Sunday,True,True,False,High,9.0,930.5,930.5,144.95689014324225
2024-02-12,469,12,2024,2,Monday,False,False,True,Very Low,5.0,776.6666666666666,776.6666666666666,285.4826322796771
2024-02-13,447,12,2024,2,Tuesday,False,False,True,Very Low,5.0,694.25,694.25,285.48832433802494
2024-02-14,463,12,2024,2,Wednesday,False,False,True,Very Low,5.0,648.0,648.0,267.99813432186426
2024-02-15,599,13,2024,2,Thursday,False,False,False,Low,6.0,639.8333333333334,639.8333333333334,240.53807737376357
2024-02-16,671,12,2024,2,Friday,False,False,False,Low,7.0,644.2857142857143,644.2857142857143,219.89597107550216
2024-02-17,647,13,2024,2,Saturday,True,False,False,Low,7.0,589.1428571428571,644.625,140.08857742089296
2024-02-18,350,13,2024,2,Sunday,True,False,True,Very Low,4.0,520.8571428571429,611.8888888888889,119.19511814867326
2024-02-19,464,12,2024,2,Monday,False,False,True,Very Low,5.0,520.1428571428571,597.1,119.57205438762092
2024-02-20,482,12,2024,2,Tuesday,False,False,True,Very Low,5.0,525.1428571428571,586.6363636363636,116.7010833589082
2024-02-21,517,13,2024,2,Wednesday,False,False,True,Very Low,6.0,532.8571428571429,580.8333333333334,113.65360908102674
2024-02-22,504,12,2024,2,Thursday,False,False,True,Very Low,6.0,519.2857142857143,574.9230769230769,110.05409925079914
2024-02-23,463,12,2024,2,Friday,False,False,True,Very Low,5.0,489.57142857142856,566.9285714285714,88.16812943246
2024-02-24,586,13,2024,2,Saturday,True,False,False,Low,6.0,480.85714285714283,568.2,71.44328419902618
2024-02-25,305,12,2024,2,Sunday,True,False,True,Very Low,4.0,474.42857142857144,551.75,85.7687921932312
2024-02-26,471,12,2024,2,Monday,False,False,True,Very Low,5.0,475.42857142857144,547.0,85.66768574528173
2024-02-27,576,13,2024,2,Tuesday,False,False,True,Very Low,6.0,488.85714285714283,548.6111111111111,93.84637903053493
2024-02-28,499,13,2024,2,Wednesday,False,False,True,Very Low,5.0,486.2857142857143,546.0,93.19104800661594
2024-02-29,527,13,2024,2,Thursday,False,False,True,Very Low,6.0,489.57142857142856,545.05,94.31835654289334
2024-03-01,547,12,2024,3,Friday,False,False,True,Very Low,6.0,501.57142857142856,545.1428571428571,95.70764013887478
2024-03-02,549,13,2024,3,Saturday,True,False,True,Very Low,6.0,496.2857142857143,545.3181818181819,91.18244400781363
2024-03-03,467,13,2024,3,Sunday,True,False,True,Very Low,5.0,519.4285714285714,541.9130434782609,41.64075384707102
2024-03-04,526,12,2024,3,Monday,False,False,True,Very Low,6.0,527.2857142857143,541.25,35.75245579310708
2024-03-05,711,12,2024,3,Tuesday,False,False,False,Medium,8.0,546.5714285714286,548.04,77.93556557151787
2024-03-06,708,12,2024,3,Wednesday,False,False,False,Medium,8.0,576.4285714285714,554.1923076923077,94.86807883030183
2024-03-07,693,12,2024,3,Thursday,False,False,False,Medium,7.0,600.1428571428571,559.3333333333334,101.00235735108448
2024-03-08,596,13,2024,3,Friday,False,False,False,Low,6.0,607.1428571428571,560.6428571428571,98.36908147622488
2024-03-09,651,12,2024,3,Saturday,True,False,False,Low,7.0,621.7142857142857,563.7586206896551,95.84312579368817
2024-03-10,361,12,2024,3,Sunday,True,False,True,Very Low,4.0,606.5714285714286,557.0,127.50536870116109
2024-03-11,749,12,2024,3,Monday,False,False,False,Medium,8.0,638.4285714285714,547.5333333333333,131.80523148805216
2024-03-12,778,13,2024,3,Tuesday,False,True,False,High,8.0,648.0,545.8666666666667,140.1237548264627
2024-03-13,734,12,2024,3,Wednesday,False,False,False,Medium,8.0,651.7142857142857,554.7,142.30684486432145
2024-03-14,779,13,2024,3,Thursday,False,True,False,High,8.0,664.0,565.7666666666667,149.97110832868205
2024-03-15,806,13,2024,3,Friday,False,True,False,High,9.0,694.0,577.2,155.02042876128706
2024-03-16,1067,13,2024,3,Saturday,True,True,False,Very High,11.0,753.4285714285714,592.8,206.85974084135444
2024-03-17,1207,13,2024,3,Sunday,True,True,False,Very High,13.0,874.2857142857143,610.6666666666666,185.3948167971209
2024-03-18,675,13,2024,3,Monday,False,False,False,Low,7.0,863.7142857142857,611.6,195.56048875451475
2024-03-19,654,13,2024,3,Tuesday,False,False,False,Low,7.0,846.0,621.7333333333333,209.72203826334814
2024-03-20,700,12,2024,3,Wednesday,False,False,False,Medium,7.0,841.1428571428571,629.6,213.11454554724665
2024-03-21,691,13,2024,3,Thursday,False,False,False,Medium,7.0,828.5714285714286,636.5666666666667,219.8794041763628
2024-03-22,711,12,2024,3,Friday,False,False,False,Medium,8.0,815.0,643.0333333333333,224.39028499469387
2024-03-23,929,13,2024,3,Saturday,True,True,False,Very High,10.0,795.2857142857143,657.2,203.66534174613847
2024-03-24,528,12,2024,3,Sunday,True,False,True,Very Low,6.0,698.2857142857143,659.3666666666667,118.98699408718888
2024-03-25,459,11,2024,3,Monday,False,False,True,Very Low,5.0,667.4285714285714,655.1333333333333,149.99873015335498
2024-03-26,740,12,2024,3,Tuesday,False,False,False,Medium,8.0,679.7142857142857,669.6333333333333,152.22101725858377
2024-03-27,680,12,2024,3,Wednesday,False,False,False,Low,7.0,676.8571428571429,676.6,151.96428151754222
2024-03-28,691,13,2024,3,Thursday,False,False,False,Medium,7.0,676.8571428571429,680.4333333333333,151.96428151754222
2024-03-29,430,12,2024,3,Friday,False,False,True,Very Low,5.0,636.7142857142857,678.1333333333333,176.56511007341757
2024-03-30,592,12,2024,3,Saturday,True,False,False,Low,6.0,588.5714285714286,680.3,120.68948745003584
2024-03-31,405,12,2024,3,Sunday,True,False,True,Very Low,5.0,571.0,675.5666666666667,138.6025492791047
2024-04-01,662,12,2024,4,Monday,False,False,False,Low,7.0,600.0,679.3333333333334,132.35935932150764
2024-04-02,707,12,2024,4,Tuesday,False,False,False,Medium,8.0,595.2857142857143,687.3333333333334,127.0219328642554
2024-04-03,741,12,2024,4,Wednesday,False,False,False,Medium,8.0,604.0,694.5,135.60481800683428
2024-04-04,682,12,2024,4,Thursday,False,False,False,Low,7.0,602.7142857142857,693.5333333333333,134.6819887558766
2024-04-05,1143,13,2024,4,Friday,False,True,False,Very High,12.0,704.5714285714286,708.0333333333333,222.96850087165302
2024-04-06,855,13,2024,4,Saturday,True,True,False,Very High,9.0,742.1428571428571,713.4333333333333,222.99658336054418
2024-04-07,524,12,2024,4,Sunday,True,False,True,Very Low,6.0,759.1428571428571,711.0333333333333,195.9008495569705
2024-04-08,678,12,2024,4,Monday,False,False,False,Low,7.0,761.4285714285714,711.9333333333333,194.66797129373637
2024-04-09,421,11,2024,4,Tuesday,False,False,True,Very Low,5.0,720.5714285714286,713.9333333333333,234.02909871983653
2024-04-10,598,12,2024,4,Wednesday,False,False,False,Low,6.0,700.1428571428571,708.9,238.15361189186865
2024-04-11,267,12,2024,4,Thursday,False,False,True,Very Low,3.0,640.8571428571429,691.8666666666667,289.53493086409475
2024-04-12,678,12,2024,4,Friday,False,False,False,Low,7.0,574.4285714285714,690.0,192.06149808751104
2024-04-13,744,13,2024,4,Saturday,True,False,False,Medium,8.0,558.5714285714286,688.8333333333334,168.1267945558322
2024-04-14,416,11,2024,4,Sunday,True,False,True,Very Low,5.0,543.1428571428571,675.8333333333334,176.57144783479617
2024-04-15,688,12,2024,4,Monday,False,False,False,Medium,7.0,544.5714285714286,663.2,177.87997558546513
2024-04-16,659,12,2024,4,Tuesday,False,False,False,Low,7.0,578.5714285714286,644.9333333333333,173.00275252420792
2024-04-17,657,12,2024,4,Wednesday,False,False,False,Low,7.0,587.0,644.3333333333334,175.52587653486674
2024-04-18,633,12,2024,4,Thursday,False,False,False,Low,7.0,639.2857142857143,643.6333333333333,104.4313399411532
2024-04-19,695,12,2024,4,Friday,False,False,False,Medium,7.0,641.7142857142857,643.4666666666667,105.67199926457039
2024-04-20,771,12,2024,4,Saturday,True,True,False,High,8.0,645.5714285714286,646.1333333333333,110.4141554072015
2024-04-21,516,12,2024,4,Sunday,True,False,True,Very Low,6.0,659.8571428571429,639.6333333333333,77.24944136028505
2024-04-22,650,12,2024,4,Monday,False,False,False,Low,7.0,654.4285714285714,630.3333333333334,76.2711329028594
2024-04-23,595,12,2024,4,Tuesday,False,False,False,Low,6.0,645.2857142857143,632.5666666666667,79.40343041647948
2024-04-24,635,12,2024,4,Wednesday,False,False,False,Low,7.0,642.1428571428571,638.4333333333333,79.29781117498008
2024-04-25,615,12,2024,4,Thursday,False,False,False,Low,7.0,639.5714285714286,634.2666666666667,79.93300766445395
2024-04-26,627,13,2024,4,Friday,False,False,False,Low,7.0,629.8571428571429,632.5,76.11488810000404
2024-04-27,623,13,2024,4,Saturday,True,False,False,Low,7.0,608.7142857142857,630.2333333333333,44.26704675683013
2024-04-28,386,13,2024,4,Sunday,True,False,True,Very Low,4.0,590.1428571428571,628.7666666666667,91.60500090320483
2024-04-29,652,12,2024,4,Monday,False,False,False,Low,7.0,590.4285714285714,630.7666666666667,91.82566297583888
2024-04-30,601,12,2024,4,Tuesday,False,False,False,Low,7.0,591.2857142857143,637.3,91.90341721197346
2024-05-01,693,12,2024,5,Wednesday,False,False,False,Medium,7.0,599.5714285714286,638.3333333333334,98.85318599292762
2024-05-02,672,12,2024,5,Thursday,False,False,False,Low,7.0,607.7142857142857,637.1666666666666,102.61207577686972
2024-05-03,731,12,2024,5,Friday,False,False,False,Medium,8.0,622.5714285714286,636.8333333333334,112.88468621098404
2024-05-04,715,12,2024,5,Saturday,True,False,False,Medium,8.0,635.7142857142857,637.9333333333333,118.17460850469546
2024-05-05,564,12,2024,5,Sunday,True,False,True,Very Low,6.0,661.1428571428571,618.6333333333333,60.62295651931527
2024-05-06,733,12,2024,5,Monday,False,False,False,Medium,8.0,672.7142857142857,614.5666666666667,66.07247103424663
2024-05-07,600,12,2024,5,Tuesday,False,False,False,Low,6.0,672.5714285714286,617.1,66.2542002262421
2024-05-08,739,12,2024,5,Wednesday,False,False,False,Medium,8.0,679.1428571428571,619.1333333333333,70.74703426393778
2024-05-09,786,12,2024,5,Thursday,False,True,False,High,8.0,695.4285714285714,631.3,81.18057473488123
2024-05-10,737,12,2024,5,Friday,False,False,False,Medium,8.0,696.2857142857143,635.9333333333333,81.64907487884571
2024-05-11,686,12,2024,5,Saturday,True,False,False,Medium,7.0,692.1428571428571,649.9,81.27613132900366
2024-05-12,397,10,2024,5,Sunday,True,False,True,Very Low,4.0,668.2857142857143,640.5333333333333,133.12865242027362
2024-05-13,315,11,2024,5,Monday,False,False,True,Very Low,4.0,608.5714285714286,626.2333333333333,183.48556450291207
2024-05-14,737,12,2024,5,Tuesday,False,False,False,Medium,8.0,628.1428571428571,636.9333333333333,189.62280855374297
2024-05-15,637,10,2024,5,Wednesday,False,False,False,Low,7.0,613.5714285714286,635.2333333333333,183.50463858156914
2024-05-16,542,10,2024,5,Thursday,False,False,True,Very Low,6.0,578.7142857142857,631.3333333333334,167.79423339884087
2024-05-17,576,11,2024,5,Friday,False,False,True,Very Low,6.0,555.7142857142857,628.6333333333333,152.85037813246657
2024-05-18,637,11,2024,5,Saturday,True,False,False,Low,7.0,548.7142857142857,628.7666666666667,146.89533040651094
2024-05-19,373,12,2024,5,Sunday,True,False,True,Very Low,4.0,545.2857142857143,618.0333333333333,151.24231582212042
2024-05-20,550,11,2024,5,Monday,False,False,True,Very Low,6.0,578.8571428571429,610.6666666666666,112.80281995799622
2024-05-21,588,11,2024,5,Tuesday,False,False,False,Low,6.0,557.5714285714286,613.0666666666667,89.67507484033102
2024-05-22,570,11,2024,5,Wednesday,False,False,True,Very Low,6.0,548.0,610.4,83.12039460926495
2024-05-23,578,11,2024,5,Thursday,False,False,True,Very Low,6.0,553.1428571428571,609.8333333333334,83.79822705250261
2024-05-24,611,11,2024,5,Friday,False,False,False,Low,7.0,558.1428571428571,609.0333333333333,86.39334189513362
2024-05-25,588,12,2024,5,Saturday,True,False,False,Low,6.0,551.1428571428571,608.1333333333333,80.73914492864937
2024-05-26,308,10,2024,5,Sunday,True,False,True,Very Low,4.0,541.8571428571429,597.5,104.7957196508654
2024-05-27,629,11,2024,5,Monday,False,False,False,Low,7.0,553.1428571428571,597.7,109.94609068603931
2024-05-28,625,11,2024,5,Tuesday,False,False,False,Low,7.0,558.4285714285714,605.6666666666666,112.75468525794825
2024-05-29,620,11,2024,5,Wednesday,False,False,False,Low,7.0,565.5714285714286,604.6,115.16778650134324
2024-05-30,593,12,2024,5,Thursday,False,False,False,Low,6.0,567.7142857142857,604.3333333333334,115.57640227098562
2024-05-31,720,12,2024,5,Friday,False,False,False,Medium,8.0,583.2857142857143,605.2333333333333,128.94923327381477
2024-06-01,632,12,2024,6,Saturday,True,False,False,Low,7.0,589.5714285714286,603.9,130.28284249132344
2024-06-02,461,12,2024,6,Sunday,True,False,True,Very Low,5.0,611.4285714285714,594.9,77.1856142530394
2024-06-03,643,12,2024,6,Monday,False,False,False,Low,7.0,613.4285714285714,592.5,77.89492311838428
2024-06-04,543,13,2024,6,Tuesday,False,False,True,Very Low,6.0,601.7142857142857,591.8,81.92621535201482
2024-06-05,616,13,2024,6,Wednesday,False,False,False,Low,7.0,601.1428571428571,587.9,81.79125579063736
2024-06-06,751,12,2024,6,Thursday,False,False,False,Medium,8.0,623.7142857142857,592.9333333333333,99.13242706217805
2024-06-07,729,13,2024,6,Friday,False,False,False,Medium,8.0,625.0,592.6,100.6363088883263
2024-06-08,965,12,2024,6,Saturday,True,True,False,Very High,10.0,672.5714285714286,598.5666666666667,163.5418979373553
2024-06-09,346,13,2024,6,Sunday,True,False,True,Very Low,4.0,656.1428571428571,585.5333333333333,191.69109575167062
2024-06-10,785,13,2024,6,Monday,False,True,False,High,8.0,676.4285714285714,588.8333333333334,197.49418315725742
2024-06-11,733,12,2024,6,Tuesday,False,False,False,Medium,8.0,703.5714285714286,600.0333333333333,188.97253516746557
2024-06-12,753,13,2024,6,Wednesday,False,True,False,High,8.0,723.1428571428571,614.6333333333333,185.45298467215213
2024-06-13,771,13,2024,6,Thursday,False,True,False,High,8.0,726.0,615.7666666666667,186.10660027700962
2024-06-14,929,12,2024,6,Friday,False,True,False,Very High,10.0,754.5714285714286,625.5,201.37018741847655
2024-06-15,800,13,2024,6,Saturday,True,True,False,High,8.0,731.0,634.1,181.2889038707737
2024-06-16,418,12,2024,6,Sunday,True,False,True,Very Low,5.0,741.2857142857143,628.8333333333334,156.09688688515885
2024-06-17,503,13,2024,6,Monday,False,False,True,Very Low,6.0,701.0,624.3666666666667,177.81357278528156
2024-06-18,800,12,2024,6,Tuesday,False,True,False,High,8.0,710.5714285714286,638.6,181.5863955466351
2024-06-19,780,13,2024,6,Wednesday,False,True,False,High,8.0,714.4285714285714,646.2666666666667,182.91970655896816
2024-06-20,1128,13,2024,6,Thursday,False,True,False,Very High,12.0,765.4285714285714,664.2666666666667,241.6580622441946
2024-06-21,1066,13,2024,6,Friday,False,True,False,Very High,11.0,785.0,680.8,261.81991266262895
2024-06-22,566,13,2024,6,Saturday,True,False,True,Very Low,6.0,751.5714285714286,680.4,274.2297437933244
2024-06-23,330,11,2024,6,Sunday,True,False,True,Very Low,4.0,739.0,671.0333333333333,293.4160868118856
2024-06-24,992,13,2024,6,Monday,False,True,False,Very High,10.0,808.8571428571429,684.5,285.9810183511187
2024-06-25,826,12,2024,6,Tuesday,False,True,False,High,9.0,812.5714285714286,701.7666666666667,286.01565058743273
2024-06-26,830,12,2024,6,Wednesday,False,True,False,Very High,9.0,819.7142857142857,708.4666666666667,285.6908085592502
2024-06-27,926,12,2024,6,Thursday,False,True,False,Very High,10.0,790.8571428571429,718.5,258.2449925758023
2024-06-28,858,12,2024,6,Friday,False,True,False,Very High,9.0,761.1428571428571,726.4333333333333,231.93636237225974
2024-06-29,1107,12,2024,6,Saturday,True,True,False,Very High,12.0,838.4285714285714,743.5666666666667,245.79521092626217
2024-06-30,534,13,2024,6,Sunday,True,False,True,Very Low,6.0,867.5714285714286,737.3666666666667,178.28989235031167
2024-07-01,690,13,2024,7,Monday,False,False,False,Medium,7.0,824.4285714285714,739.3,179.69590715322104
2024-07-02,756,13,2024,7,Tuesday,False,True,False,High,8.0,814.4285714285714,749.1333333333333,181.5322351015168
2024-07-03,661,12,2024,7,Wednesday,False,False,False,Low,7.0,790.2857142857143,749.7333333333333,190.14969040707044
2024-07-04,759,13,2024,7,Thursday,False,True,False,High,8.0,766.4285714285714,756.9333333333333,180.51671865587872
2024-07-05,758,12,2024,7,Friday,False,True,False,High,8.0,752.1428571428571,761.6666666666666,175.9615758922275
2024-07-06,887,13,2024,7,Saturday,True,True,False,Very High,9.0,720.7142857142857,766.2,108.875638973577
2024-07-07,328,10,2024,7,Sunday,True,False,True,Very Low,4.0,691.2857142857143,752.8333333333334,175.32038699260843
2024-07-08,638,12,2024,7,Monday,False,False,False,Low,7.0,683.8571428571429,741.9333333333333,176.481754081858
2024-07-10,637,11,2024,7,Wednesday,False,False,False,Low,7.0,666.8571428571429,751.6333333333333,174.0894679673148
2024-07-11,624,10,2024,7,Thursday,False,False,False,Low,7.0,661.5714285714286,746.2666666666667,174.8569483347809
2024-07-12,753,12,2024,7,Friday,False,True,False,High,8.0,660.7142857142857,746.9333333333333,174.3136199361311
2024-07-13,735,10,2024,7,Saturday,True,False,False,Medium,8.0,657.4285714285714,746.3333333333334,172.38025519459077
2024-07-14,342,9,2024,7,Sunday,True,False,True,Very Low,4.0,579.5714285714286,732.0333333333333,174.47526772473748
2024-07-15,654,10,2024,7,Monday,False,False,False,Low,7.0,626.1428571428571,722.8666666666667,135.22749790806608
2024-07-16,619,10,2024,7,Tuesday,False,False,False,Low,7.0,623.4285714285714,716.8333333333334,135.14049127094444
2024-07-17,369,9,2024,7,Wednesday,False,False,True,Very Low,4.0,585.1428571428571,715.2,165.26083279816376
2024-07-18,631,10,2024,7,Thursday,False,False,False,Low,7.0,586.1428571428571,719.4666666666667,165.556061573744
2024-07-19,630,10,2024,7,Friday,False,False,False,Low,7.0,568.5714285714286,713.8,150.76124296699118
2024-07-20,585,12,2024,7,Saturday,True,False,False,Low,6.0,547.1428571428571,707.3,132.7471639011895
2024-07-21,324,10,2024,7,Sunday,True,False,True,Very Low,4.0,544.5714285714286,680.5,137.47346064223495
2024-07-22,438,10,2024,7,Monday,False,False,True,Very Low,5.0,513.7142857142857,659.5666666666667,132.98585674889569
2024-07-23,695,12,2024,7,Tuesday,False,False,False,Medium,7.0,524.5714285714286,663.8666666666667,145.525320984421
2024-07-24,683,11,2024,7,Wednesday,False,False,False,Medium,7.0,569.4285714285714,675.6333333333333,137.7665382000245
2024-07-25,761,12,2024,7,Thursday,False,True,False,High,8.0,588.0,667.9333333333333,155.11930892058467
2024-07-26,840,13,2024,7,Friday,False,True,False,Very High,9.0,618.0,668.4,182.48835579291028
2024-07-27,1157,13,2024,7,Saturday,True,True,False,Very High,12.0,699.7142857142857,679.3,271.5705643632449
2024-07-28,758,13,2024,7,Sunday,True,True,False,High,8.0,761.7142857142857,673.7,215.1865193157742
2024-07-29,887,12,2024,7,Monday,False,True,False,Very High,9.0,825.8571428571429,674.6666666666666,163.26709055147305
2024-07-30,705,11,2024,7,Tuesday,False,False,False,Medium,8.0,827.2857142857143,661.2666666666667,161.96986786201361
2024-07-31,758,12,2024,7,Wednesday,False,True,False,High,8.0,838.0,668.7333333333333,153.0707897237965
2024-08-01,688,12,2024,8,Thursday,False,False,False,Medium,7.0,827.5714285714286,668.6666666666666,161.44850277292477
2024-08-02,758,12,2024,8,Friday,False,True,False,High,8.0,815.8571428571429,668.7333333333333,163.35995895713316
2024-08-04,483,13,2024,8,Sunday,True,False,True,Very Low,5.0,719.5714285714286,662.8,122.22773436343716
2024-08-05,696,12,2024,8,Monday,False,False,False,Medium,7.0,710.7142857142857,660.7,121.22116741135322
2024-08-06,675,10,2024,8,Tuesday,False,False,False,Low,7.0,680.4285714285714,657.9333333333333,93.04632742681949
2024-08-07,677,9,2024,8,Wednesday,False,False,False,Low,7.0,676.4285714285714,650.9333333333333,92.41366627445078
2024-08-08,699,10,2024,8,Thursday,False,False,False,Medium,7.0,668.0,663.3,86.21678104251612
2024-08-09,734,11,2024,8,Friday,False,False,False,Medium,8.0,674.5714285714286,666.5,89.67879188685338
2024-08-10,820,12,2024,8,Saturday,True,True,False,High,9.0,683.4285714285714,672.6,101.56583602579613
2024-08-11,400,11,2024,8,Sunday,True,False,True,Very Low,4.0,671.5714285714286,665.1333333333333,129.7881056990671
2024-08-12,676,11,2024,8,Monday,False,False,False,Low,7.0,668.7142857142857,662.5666666666667,129.38020750964162
2024-08-13,742,10,2024,8,Tuesday,False,False,False,Medium,8.0,678.2857142857143,662.8,132.36655454420733
2024-08-14,649,10,2024,8,Wednesday,False,False,False,Low,7.0,674.2857142857143,673.0333333333333,132.8341249901719
2024-08-15,395,11,2024,8,Thursday,False,False,True,Very Low,4.0,630.8571428571429,664.4,168.35322843298638
2024-08-16,678,11,2024,8,Friday,False,False,False,Low,7.0,622.8571428571429,666.3666666666667,163.90691318695482
2024-08-17,657,12,2024,8,Saturday,True,False,False,Low,7.0,599.5714285714286,675.9666666666667,141.24312035500617
2024-08-18,472,12,2024,8,Sunday,True,False,True,Very Low,5.0,609.8571428571429,670.6666666666666,126.09709033310769
2024-08-19,569,11,2024,8,Monday,False,False,True,Very Low,6.0,594.5714285714286,668.6333333333333,123.19477416251097
2024-08-20,616,10,2024,8,Tuesday,False,False,False,Low,7.0,576.5714285714286,669.6666666666666,106.07993392226471
2024-08-21,680,9,2024,8,Wednesday,False,False,False,Low,7.0,581.0,681.5333333333333,110.17561738727105
2024-08-22,665,9,2024,8,Thursday,False,False,False,Low,7.0,619.5714285714286,689.1,76.24272018332063
2024-08-23,719,12,2024,8,Friday,False,False,False,Medium,8.0,625.4285714285714,689.9,82.77450723271511
2024-08-24,748,11,2024,8,Saturday,True,False,False,Medium,8.0,638.4285714285714,692.0666666666667,94.82766323328599
2024-08-25,377,10,2024,8,Sunday,True,False,True,Very Low,4.0,624.8571428571429,679.2666666666667,124.70689445178755
2024-08-26,619,10,2024,8,Monday,False,False,False,Low,7.0,632.0,671.9,122.38463955905485
2024-08-27,663,10,2024,8,Tuesday,False,False,False,Low,7.0,638.7142857142857,655.4333333333333,122.64952002313156
2024-08-28,700,11,2024,8,Wednesday,False,False,False,Medium,7.0,641.5714285714286,653.5,123.99711978221715
2024-08-29,846,11,2024,8,Thursday,False,True,False,Very High,9.0,667.4285714285714,652.1333333333333,146.5228732347009
2024-08-30,855,11,2024,8,Friday,False,True,False,Very High,9.0,686.8571428571429,657.1333333333333,162.63192447100522
2024-08-31,894,11,2024,8,Saturday,True,True,False,Very High,9.0,707.7142857142857,661.6666666666666,180.1940752685967
2024-09-01,411,8,2024,9,Sunday,True,False,True,Very Low,5.0,712.5714285714286,652.4333333333333,169.96162031750677
2024-09-02,732,13,2024,9,Monday,False,False,False,Medium,8.0,728.7142857142857,651.5666666666667,164.88350866163483
2024-09-03,676,10,2024,9,Tuesday,False,False,False,Low,7.0,730.5714285714286,658.0,164.0912928249161
2024-09-04,695,9,2024,9,Wednesday,False,False,False,Medium,7.0,729.8571428571429,657.9666666666667,164.25734744746177
2024-09-05,703,10,2024,9,Thursday,False,False,False,Medium,8.0,709.4285714285714,658.9,156.09490397709652
2024-09-06,714,11,2024,9,Friday,False,False,False,Medium,8.0,689.2857142857143,660.1333333333333,142.70215401984882
2024-09-07,475,9,2024,9,Saturday,True,False,True,Very Low,5.0,629.4285714285714,652.6666666666666,129.8163538013816
2024-09-08,448,11,2024,9,Sunday,True,False,True,Very Low,5.0,634.7142857142857,643.1333333333333,119.80778255983435
2024-09-09,684,10,2024,9,Monday,False,False,False,Medium,7.0,627.8571428571429,638.6,114.57083481617808
2024-09-10,673,10,2024,9,Tuesday,False,False,False,Low,7.0,627.4285714285714,647.7,114.36616216179863
2024-09-11,698,10,2024,9,Wednesday,False,False,False,Medium,7.0,627.8571428571429,648.4333333333333,114.66680509404614
2024-09-12,661,10,2024,9,Thursday,False,False,False,Low,7.0,621.8571428571429,645.7333333333333,111.12369769979738
2024-09-13,684,10,2024,9,Friday,False,False,False,Medium,7.0,617.5714285714286,646.9,107.49706529770383
2024-09-14,700,11,2024,9,Saturday,True,False,False,Medium,7.0,649.7142857142857,657.0666666666667,89.97168866873949
2024-09-15,374,9,2024,9,Sunday,True,False,True,Very Low,4.0,639.1428571428571,646.9333333333333,117.69795887698871
2024-09-16,421,10,2024,9,Monday,False,False,True,Very Low,5.0,601.5714285714286,639.0666666666667,140.71822571230342
2024-09-17,580,9,2024,9,Tuesday,False,False,False,Low,6.0,588.2857142857143,642.6666666666666,137.1965916555672
2024-09-18,644,9,2024,9,Wednesday,False,False,False,Low,7.0,580.5714285714286,645.1666666666666,131.39489734239578
2024-09-19,590,10,2024,9,Thursday,False,False,False,Low,6.0,570.4285714285714,644.3,126.81200934566635
2024-09-20,638,9,2024,9,Friday,False,False,False,Low,7.0,563.8571428571429,642.9,121.0047224580202
2024-09-21,620,9,2024,9,Saturday,True,False,False,Low,7.0,552.4285714285714,641.4,109.20600890496821
2024-09-22,404,11,2024,9,Sunday,True,False,True,Very Low,5.0,556.7142857142857,630.9,101.3421831975102
2024-09-23,651,10,2024,9,Monday,False,False,False,Low,7.0,589.5714285714286,627.6666666666666,86.15462290335176
2024-09-24,746,10,2024,9,Tuesday,False,False,False,Medium,8.0,613.2857142857143,639.9666666666667,104.06522679824982
2024-09-25,764,11,2024,9,Wednesday,False,True,False,High,8.0,630.4285714285714,644.8,118.80776790380963
2024-09-26,941,13,2024,9,Thursday,False,True,False,Very High,10.0,680.5714285714286,654.0666666666667,164.27198700413166
2024-09-27,771,13,2024,9,Friday,False,True,False,High,8.0,699.5714285714286,656.4333333333333,166.20755813425666
2024-09-28,889,12,2024,9,Saturday,True,True,False,Very High,9.0,738.0,657.8666666666667,175.57714353905337
2024-09-29,452,12,2024,9,Sunday,True,False,True,Very Low,5.0,744.8571428571429,644.4333333333333,160.6626160327169
2024-09-30,743,11,2024,9,Monday,False,False,False,Medium,8.0,758.0,639.4,155.38125155028644
2024-10-01,700,9,2024,10,Tuesday,False,False,False,Medium,7.0,751.4285714285714,649.0333333333333,156.93826508413775
2024-10-02,440,10,2024,10,Wednesday,False,False,True,Very Low,5.0,705.1428571428571,639.3,195.62330175742395
2024-10-03,729,11,2024,10,Thursday,False,False,False,Medium,8.0,674.8571428571429,641.0666666666667,167.39716103867895
2024-10-05,926,12,2024,10,Saturday,True,True,False,Very High,10.0,697.0,648.7666666666667,190.8437406186885
2024-10-06,520,11,2024,10,Sunday,True,False,True,Very Low,6.0,644.2857142857143,642.6666666666666,179.60207337863503
2024-10-07,659,11,2024,10,Monday,False,False,False,Low,7.0,673.8571428571429,640.8333333333334,158.4628542923422
2024-10-08,725,10,2024,10,Tuesday,False,False,False,Medium,8.0,671.2857142857143,649.1666666666666,157.29559676578566
2024-10-09,665,10,2024,10,Wednesday,False,False,False,Low,7.0,666.2857142857143,656.4,156.78617528948345
2024-10-10,673,10,2024,10,Thursday,False,False,False,Low,7.0,699.5714285714286,656.0333333333333,121.50151870498978
2024-10-11,690,10,2024,10,Friday,False,False,False,Medium,7.0,694.0,656.6,120.81942448684838
2024-10-12,415,11,2024,10,Saturday,True,False,True,Very Low,5.0,621.0,647.1666666666666,111.27892882302463
2024-10-13,369,10,2024,10,Sunday,True,False,True,Very Low,4.0,599.4285714285714,637.4333333333333,143.95816191155023
2024-10-14,638,10,2024,10,Monday,False,False,False,Low,7.0,596.4285714285714,635.9,142.72334210265717
2024-10-15,661,10,2024,10,Tuesday,False,False,False,Low,7.0,587.2857142857143,634.6,134.95272540870675
2024-10-16,639,10,2024,10,Wednesday,False,False,False,Low,7.0,583.5714285714286,643.4333333333333,132.79791306449593
2024-10-17,701,11,2024,10,Thursday,False,False,False,Medium,8.0,587.5714285714286,652.7666666666667,136.31563513020836
2024-10-18,745,10,2024,10,Friday,False,False,False,Medium,8.0,595.4285714285714,658.2666666666667,144.54048699569302
2024-10-19,768,11,2024,10,Saturday,True,True,False,High,8.0,645.8571428571429,662.4,132.146924004342
2024-10-20,459,10,2024,10,Sunday,True,False,True,Very Low,5.0,658.7142857142857,658.0333333333333,101.559037486764
2024-10-21,690,11,2024,10,Monday,False,False,False,Medium,7.0,666.1428571428571,659.7666666666667,101.6930488798327
2024-10-22,706,11,2024,10,Tuesday,False,False,False,Medium,8.0,672.5714285714286,662.6333333333333,102.73080865844925
2024-10-23,668,10,2024,10,Wednesday,False,False,False,Low,7.0,676.7142857142857,671.4333333333333,101.73120512034626
2024-10-24,703,11,2024,10,Thursday,False,False,False,Medium,8.0,677.0,673.1666666666666,101.81355508968278
2024-10-25,711,11,2024,10,Friday,False,False,False,Medium,8.0,672.1428571428571,672.0,98.79512230103292
2024-10-26,1077,10,2024,10,Saturday,True,True,False,Very High,11.0,716.2857142857143,682.4333333333333,182.41136138383678
2024-10-27,515,11,2024,10,Sunday,True,False,True,Very Low,6.0,724.2857142857143,668.2333333333333,170.05657321973194
2024-10-28,765,10,2024,10,Monday,False,True,False,High,8.0,735.0,668.0333333333333,169.89898959872198
2024-10-29,677,10,2024,10,Tuesday,False,False,False,Low,7.0,730.8571428571429,660.9666666666667,171.0735013295245
2024-10-30,506,11,2024,10,Wednesday,False,False,True,Very Low,6.0,707.7142857142857,662.7666666666667,190.81292259323357
2024-10-31,317,9,2024,10,Thursday,False,False,True,Very Low,4.0,652.5714285714286,648.5666666666667,241.45659178056314
2024-11-01,497,10,2024,11,Friday,False,False,True,Very Low,5.0,622.0,641.8,246.32431196832033
2024-11-02,554,11,2024,11,Saturday,True,False,True,Very Low,6.0,547.2857142857143,645.6,142.9320517888518
2024-11-03,338,10,2024,11,Sunday,True,False,True,Very Low,4.0,522.0,632.5666666666667,163.7375949499672
2024-11-04,773,10,2024,11,Monday,False,True,False,High,8.0,523.1428571428571,627.4666666666667,165.73214189511455
2024-11-05,763,9,2024,11,Tuesday,False,True,False,High,8.0,535.4285714285714,635.5666666666667,181.47805849271495
2024-11-06,733,10,2024,11,Wednesday,False,False,False,Medium,8.0,567.8571428571429,638.0333333333333,195.11229977581922
2024-11-07,660,10,2024,11,Thursday,False,False,False,Low,7.0,616.8571428571429,635.8666666666667,161.84707655832375
2024-11-08,735,10,2024,11,Friday,False,False,False,Medium,8.0,650.8571428571429,638.2,157.40968688047542
2024-11-09,702,11,2024,11,Saturday,True,False,False,Medium,8.0,672.0,639.1666666666666,152.081118705336
2024-11-10,508,11,2024,11,Sunday,True,False,True,Very Low,6.0,696.2857142857143,633.1,91.27196408849386
2024-11-11,679,10,2024,11,Monday,False,False,False,Low,7.0,682.8571428571429,641.9,84.78881327830172
2024-11-12,763,10,2024,11,Tuesday,False,True,False,High,8.0,682.8571428571429,655.0333333333333,84.78881327830172
2024-11-13,823,11,2024,11,Wednesday,False,True,False,High,9.0,695.7142857142857,661.2,99.25004498019793
2024-11-14,842,11,2024,11,Thursday,False,True,False,Very High,9.0,721.7142857142857,667.2333333333333,111.42667886060634
2024-11-15,769,12,2024,11,Friday,False,True,False,High,8.0,726.5714285714286,671.5666666666667,112.8344763253634
2024-11-16,833,11,2024,11,Saturday,True,True,False,Very High,9.0,745.2857142857143,675.9666666666667,118.7865232054465
2024-11-17,442,10,2024,11,Sunday,True,False,True,Very Low,5.0,735.8571428571429,665.8666666666667,141.25441417460019
2024-11-18,697,10,2024,11,Monday,False,False,False,Medium,7.0,738.4285714285714,663.5,140.2068200229659
2024-11-19,676,10,2024,11,Tuesday,False,False,False,Low,7.0,726.0,670.7333333333333,141.51560573543333
2024-11-20,722,10,2024,11,Wednesday,False,False,False,Medium,8.0,711.5714285714286,671.8,134.97512998432575
2024-11-21,499,10,2024,11,Thursday,False,False,True,Very Low,5.0,662.5714285714286,664.9,141.82014095660816
2024-11-22,496,11,2024,11,Friday,False,False,True,Very Low,5.0,623.5714285714286,659.1666666666666,145.17214740077426
2024-11-23,998,11,2024,11,Saturday,True,True,False,Very High,10.0,647.1428571428571,669.0,191.00473691458365
2024-11-24,602,11,2024,11,Sunday,True,False,False,Low,7.0,670.0,665.3666666666667,170.8771488526182
2024-11-25,710,9,2024,11,Monday,False,False,False,Medium,8.0,671.8571428571429,653.1333333333333,171.2896460885558
2024-11-26,735,10,2024,11,Tuesday,False,False,False,Medium,8.0,680.2857142857143,660.4666666666667,172.97082055047497
2024-11-27,746,12,2024,11,Wednesday,False,False,False,Medium,8.0,683.7142857142857,659.8333333333334,174.1691843062504
2024-11-28,771,10,2024,11,Thursday,False,True,False,High,8.0,722.5714285714286,662.9666666666667,155.42399765679355
2024-11-29,847,12,2024,11,Friday,False,True,False,Very High,9.0,772.7142857142857,674.3333333333334,123.48240668979845
2024-11-30,893,11,2024,11,Saturday,True,True,False,Very High,9.0,757.7142857142857,693.5333333333333,94.54049271029189
2024-12-01,475,10,2024,12,Sunday,True,False,True,Very Low,5.0,739.5714285714286,692.8,133.54382194977174
2024-12-02,693,9,2024,12,Monday,False,False,False,Medium,7.0,737.1428571428571,697.4333333333333,134.32352557839403
2024-12-03,710,9,2024,12,Tuesday,False,False,False,Medium,8.0,733.5714285714286,709.8333333333334,134.721759122097
2024-12-04,847,10,2024,12,Wednesday,False,True,False,Very High,9.0,748.0,712.3,141.51207251208865
2024-12-05,827,11,2024,12,Thursday,False,True,False,High,9.0,756.0,714.4333333333333,144.57869829265994
2024-12-06,1104,11,2024,12,Friday,False,True,False,Very High,12.0,792.7142857142857,726.8,195.27989680261038
2024-12-07,820,11,2024,12,Saturday,True,True,False,High,9.0,782.2857142857143,732.1333333333333,190.93254854853356
2024-12-08,441,11,2024,12,Sunday,True,False,True,Very Low,5.0,777.4285714285714,722.3333333333334,200.25721555277954
2024-12-09,758,10,2024,12,Monday,False,True,False,High,8.0,786.7142857142857,724.2,197.1731170703505
2024-12-10,795,11,2024,12,Tuesday,False,True,False,High,8.0,798.8571428571429,733.7666666666667,194.25707071766936
2024-12-11,805,12,2024,12,Wednesday,False,True,False,High,9.0,792.8571428571429,737.9666666666667,193.16782735178646
2024-12-12,731,12,2024,12,Thursday,False,False,False,Medium,8.0,779.1428571428571,736.9,193.74676648607468
2024-12-13,763,10,2024,12,Friday,False,True,False,High,8.0,730.4285714285714,734.9,131.24005631266812
2024-12-14,719,12,2024,12,Saturday,True,False,False,Medium,8.0,716.0,730.8,125.1625609624002
2024-12-15,380,11,2024,12,Sunday,True,False,True,Very Low,4.0,707.2857142857143,717.8333333333334,147.61065260307137
2024-12-16,870,12,2024,12,Monday,False,True,False,Very High,9.0,723.2857142857143,719.0666666666667,159.60651019064977
2024-12-17,633,10,2024,12,Tuesday,False,False,False,Low,7.0,700.1428571428571,725.4333333333333,159.21937546608254
2024-12-18,708,11,2024,12,Wednesday,False,False,False,Medium,8.0,686.2857142857143,725.8,152.65834870249066
2024-12-19,683,11,2024,12,Thursday,False,False,False,Medium,7.0,679.4285714285714,726.0333333333333,151.38786514871495
2024-12-20,660,10,2024,12,Friday,False,False,False,Low,7.0,664.7142857142857,723.9666666666667,146.84880465489388
2024-12-21,621,10,2024,12,Saturday,True,False,False,Low,7.0,650.7142857142857,728.0333333333333,145.4759021117856
2024-12-22,368,11,2024,12,Sunday,True,False,True,Very Low,4.0,649.0,723.7666666666667,149.22019523732834
2024-12-23,680,10,2024,12,Monday,False,False,False,Low,7.0,621.8571428571429,713.1666666666666,115.87554900470816
2024-12-24,609,10,2024,12,Tuesday,False,False,False,Low,7.0,618.4285714285714,713.4,115.84595683184361
2024-12-25,391,9,2024,12,Wednesday,False,False,True,Very Low,4.0,573.1428571428571,702.7666666666667,135.3186715022817
2024-12-26,575,10,2024,12,Thursday,False,False,True,Very Low,6.0,557.7142857142857,697.4333333333333,126.580296367843
2024-12-27,620,11,2024,12,Friday,False,False,False,Low,7.0,552.0,693.2333333333333,122.0136604373988
2024-12-28,592,11,2024,12,Saturday,True,False,False,Low,6.0,547.8571428571429,687.2666666666667,119.75172729641817
2024-12-29,342,11,2024,12,Sunday,True,False,True,Very Low,4.0,544.1428571428571,670.4333333333333,126.4745410104699
2024-12-30,808,12,2024,12,Monday,False,True,False,High,9.0,562.4285714285714,667.6,155.34784318088205
2024-12-31,752,12,2024,12,Tuesday,False,True,False,High,8.0,582.8571428571429,676.8333333333334,171.0968814944984
2025-01-01,636,12,2025,1,Wednesday,False,False,False,Low,7.0,617.8571428571429,674.9333333333333,148.93223131279933
2025-01-02,804,12,2025,1,Thursday,False,True,False,High,9.0,650.5714285714286,678.0666666666667,162.48369881607226
2025-01-03,819,12,2025,1,Friday,False,True,False,High,9.0,679.0,677.1333333333333,173.29262342446398
2025-01-04,834,12,2025,1,Saturday,True,True,False,Very High,9.0,713.5714285714286,677.3666666666667,177.1401113458464
2025-01-05,958,12,2025,1,Sunday,True,True,False,Very High,10.0,801.5714285714286,672.5,96.38785736605533
2025-01-06,784,10,2025,1,Monday,False,True,False,High,8.0,798.1428571428571,671.3,96.54779226101529
2025-01-07,717,10,2025,1,Tuesday,False,False,False,Medium,8.0,793.1428571428571,680.5,100.17389641922435
2025-01-08,742,11,2025,1,Wednesday,False,False,False,Medium,8.0,808.2857142857143,679.9666666666667,78.0228904141049
2025-01-09,691,11,2025,1,Thursday,False,False,False,Medium,7.0,792.1428571428571,676.5,89.85066976457558
2025-01-10,762,11,2025,1,Friday,False,True,False,High,8.0,784.0,675.0666666666667,89.59352655186615
2025-01-11,735,10,2025,1,Saturday,True,False,False,Medium,8.0,769.8571428571429,675.2,88.18811063370603
2025-01-12,461,10,2025,1,Sunday,True,False,True,Very Low,5.0,698.8571428571429,665.1333333333333,109.06485619640567
2025-01-13,447,11,2025,1,Monday,False,False,True,Very Low,5.0,650.7142857142857,656.0666666666667,136.21638947609966
2025-01-14,395,10,2025,1,Tuesday,False,False,True,Very Low,4.0,604.7142857142857,656.5666666666667,162.02542422483495
2025-01-15,684,10,2025,1,Wednesday,False,False,False,Medium,7.0,596.4285714285714,650.3666666666667,155.17286827154632
2025-01-16,615,10,2025,1,Thursday,False,False,False,Low,7.0,585.5714285714286,649.7666666666667,150.02650559468478
2025-01-17,685,11,2025,1,Friday,False,False,False,Medium,7.0,574.5714285714286,649.0,137.21012735078497
2025-01-18,695,12,2025,1,Saturday,True,False,False,Medium,7.0,568.8571428571429,649.4,130.0620730925908
2025-01-19,662,10,2025,1,Sunday,True,False,False,Low,7.0,597.5714285714286,649.4666666666667,124.343418459866
2025-01-20,690,9,2025,1,Monday,False,False,False,Medium,7.0,632.2857142857143,651.7666666666667,108.169179661173
2025-01-21,682,10,2025,1,Tuesday,False,False,False,Low,7.0,673.2857142857143,662.2333333333333,27.699063075091054
2025-01-22,700,8,2025,1,Wednesday,False,False,False,Medium,7.0,675.5714285714286,662.9,29.341990064618376
2025-01-23,780,12,2025,1,Thursday,False,True,False,High,8.0,699.1428571428571,668.6,37.667088071808216
2025-01-24,731,12,2025,1,Friday,False,False,False,Medium,8.0,705.7142857142857,679.9333333333333,38.784508443938584
2025-01-25,866,12,2025,1,Saturday,True,True,False,Very High,9.0,730.1428571428571,689.6333333333333,71.20961679302471
2025-01-26,508,10,2025,1,Sunday,True,False,True,Very Low,6.0,708.1428571428571,685.9,109.34719714656327
2025-01-27,673,11,2025,1,Monday,False,False,False,Low,7.0,705.7142857142857,688.6,110.004112477237
2025-01-28,632,10,2025,1,Tuesday,False,False,False,Low,7.0,698.5714285714286,698.2666666666667,113.37233222566053
2025-01-29,667,10,2025,1,Wednesday,False,False,False,Low,7.0,693.8571428571429,693.5666666666667,113.98746798285623
2025-01-30,688,11,2025,1,Thursday,False,False,False,Medium,7.0,680.7142857142857,691.4333333333333,107.5200977890702
2025-01-31,858,12,2025,1,Friday,False,True,False,Very High,9.0,698.8571428571429,698.8333333333334,126.46531615615415
2025-02-01,751,10,2025,2,Saturday,True,False,False,Medium,8.0,682.4285714285714,697.0666666666667,107.12431585601301
2025-02-02,809,11,2025,2,Sunday,True,True,False,High,9.0,725.4285714285714,696.7333333333333,83.17222521743025
2025-02-03,768,12,2025,2,Monday,False,True,False,High,8.0,739.0,694.5333333333333,80.911474258393
2025-02-04,757,11,2025,2,Tuesday,False,True,False,High,8.0,756.8571428571429,687.8333333333334,65.7303293044859
2025-02-05,811,12,2025,2,Wednesday,False,True,False,High,9.0,777.4285714285714,688.7333333333333,54.49421113860687
2025-02-06,794,12,2025,2,Thursday,False,True,False,High,8.0,792.5714285714286,691.3,37.61585278778662
2025-02-07,725,11,2025,2,Friday,False,False,False,Medium,8.0,773.5714285714286,690.7333333333333,32.268958989805085
2025-02-08,1126,11,2025,2,Saturday,True,True,False,Very High,12.0,827.1428571428571,705.2333333333333,135.31128133730385
2025-02-09,473,10,2025,2,Sunday,True,False,True,Very Low,5.0,779.1428571428571,695.6,190.968957836458
2025-02-10,736,10,2025,2,Monday,False,False,False,Medium,8.0,774.5714285714286,695.6333333333333,191.6619047027492
2025-02-11,696,10,2025,2,Tuesday,False,False,False,Medium,7.0,765.8571428571429,703.4666666666667,193.96686020334207
2025-02-12,763,10,2025,2,Wednesday,False,True,False,High,8.0,759.0,714.0,192.95077092356996
2025-02-13,695,10,2025,2,Thursday,False,False,False,Medium,7.0,744.8571428571429,724.0,193.58497580427772
2025-02-14,1024,13,2025,2,Friday,False,True,False,Very High,11.0,787.5714285714286,735.3333333333334,219.69892818950913
2025-02-15,814,12,2025,2,Saturday,True,True,False,High,9.0,743.0,741.9666666666667,164.2477802995622
2025-02-16,839,11,2025,2,Sunday,True,True,False,Very High,9.0,795.2857142857143,747.1,114.7776318012566
2025-02-17,739,10,2025,2,Monday,False,False,False,Medium,8.0,795.7142857142857,748.5666666666667,114.52469062130153
2025-02-18,747,10,2025,2,Tuesday,False,False,False,Medium,8.0,803.0,751.4,108.59251048453307
2025-02-19,699,10,2025,2,Wednesday,False,False,False,Medium,7.0,793.8571428571429,751.7,115.02525602583802
2025-02-20,684,10,2025,2,Thursday,False,False,False,Medium,7.0,792.2857142857143,751.7666666666667,116.66435371856944
2025-02-21,700,12,2025,2,Friday,False,False,False,Medium,7.0,746.0,751.7666666666667,59.84981202977933
2025-02-23,501,10,2025,2,Sunday,True,False,True,Very Low,6.0,701.2857142857143,742.4666666666667,102.38605745854532
2025-02-24,725,10,2025,2,Monday,False,False,False,Medium,8.0,685.0,742.2666666666667,84.29907077384108
2025-02-25,746,12,2025,2,Tuesday,False,False,False,Medium,8.0,686.0,738.2666666666667,85.08427195042024
2025-02-26,517,10,2025,2,Wednesday,False,False,True,Very Low,6.0,653.1428571428571,738.5666666666667,100.59726399763146
2025-02-27,636,12,2025,2,Thursday,False,False,False,Low,7.0,644.1428571428571,737.3333333333334,98.60937847795782
2025-02-28,666,12,2025,2,Friday,False,False,False,Low,7.0,641.5714285714286,738.4666666666667,97.62659668836142
2025-03-01,772,12,2025,3,Saturday,True,True,False,High,8.0,651.8571428571429,741.9666666666667,108.04540491760469
2025-03-02,734,11,2025,3,Sunday,True,False,False,Medium,8.0,685.1428571428571,743.5,87.82260257934313
2025-03-03,802,12,2025,3,Monday,False,True,False,High,9.0,696.1428571428571,741.6333333333333,97.89182562302776
2025-03-04,820,11,2025,3,Tuesday,False,True,False,High,9.0,706.7142857142857,743.9333333333333,107.67963949561005
2025-03-05,857,12,2025,3,Wednesday,False,True,False,Very High,9.0,755.2857142857143,745.5333333333333,81.29107020600733
2025-03-06,700,10,2025,3,Thursday,False,False,False,Medium,7.0,764.4285714285714,743.2666666666667,68.18078209890959
2025-03-08,1152,12,2025,3,Saturday,True,True,False,Very High,12.0,833.8571428571429,756.4333333333333,149.81814372924373
2025-03-09,1134,12,2025,3,Sunday,True,True,False,Very High,12.0,885.5714285714286,767.2,183.58091507820922
2025-03-10,727,12,2025,3,Monday,False,False,False,Medium,8.0,884.5714285714286,764.9666666666667,184.56061076952292
2025-03-11,716,10,2025,3,Tuesday,False,False,False,Medium,8.0,872.2857142857143,764.6666666666666,193.6136309644503
2025-03-12,756,11,2025,3,Wednesday,False,True,False,High,8.0,863.1428571428571,752.3333333333334,197.95658494682553
2025-03-13,797,12,2025,3,Thursday,False,True,False,High,8.0,854.5714285714286,763.1333333333333,199.55939562183633
2025-03-14,510,10,2025,3,Friday,False,False,True,Very Low,6.0,827.4285714285714,755.6,234.03123519654207
2025-03-15,666,10,2025,3,Saturday,True,False,False,Low,7.0,758.0,754.6,189.55825841501417
2025-03-16,556,11,2025,3,Sunday,True,False,True,Very Low,6.0,675.4285714285714,747.7,105.90539354042419
2025-03-17,821,11,2025,3,Monday,False,True,False,High,9.0,688.8571428571429,751.9,118.71875528804466
2025-03-18,872,11,2025,3,Tuesday,False,True,False,Very High,9.0,711.1428571428571,746.8333333333334,137.77569762894575
2025-03-19,756,11,2025,3,Wednesday,False,True,False,High,8.0,711.1428571428571,744.9,137.77569762894575
2025-03-20,848,12,2025,3,Thursday,False,True,False,Very High,9.0,718.4285714285714,745.2,144.26810359287865
2025-03-22,1133,13,2025,3,Saturday,True,True,False,Very High,12.0,807.4285714285714,758.3333333333334,181.59465588948132
2025-03-23,682,10,2025,3,Sunday,True,False,False,Low,7.0,809.7142857142857,756.1666666666666,179.60764115678612
2025-03-24,749,10,2025,3,Monday,False,False,False,Medium,8.0,837.2857142857143,757.8333333333334,145.80090795980982
2025-03-25,793,11,2025,3,Tuesday,False,True,False,High,8.0,833.2857142857143,761.4666666666667,146.70345858876306
2025-03-26,678,11,2025,3,Wednesday,False,False,False,Low,7.0,805.5714285714286,760.7333333333333,156.18883564759824
2025-03-27,728,11,2025,3,Thursday,False,False,False,Medium,8.0,801.5714285714286,768.3,158.01778079576715
2025-03-28,698,12,2025,3,Friday,False,False,False,Medium,7.0,780.1428571428571,767.4,160.81814633453587
2025-03-29,766,13,2025,3,Saturday,True,True,False,High,8.0,727.7142857142857,768.0666666666667,44.017853520716756
2025-03-30,668,12,2025,3,Sunday,True,False,False,Low,7.0,725.7142857142857,773.1,46.6787399348419
2025-03-31,488,11,2025,3,Monday,False,False,True,Very Low,5.0,688.4285714285714,768.1666666666666,99.42142147253168
2025-04-01,825,12,2025,4,Tuesday,False,True,False,High,9.0,693.0,773.4666666666667,105.57619681222222
2025-04-02,724,11,2025,4,Wednesday,False,False,False,Medium,8.0,699.5714285714286,771.8666666666667,105.91798264515246
2025-04-03,688,11,2025,4,Thursday,False,False,False,Medium,7.0,693.8571428571429,770.3333333333334,105.20524158587637
2025-04-04,783,11,2025,4,Friday,False,True,False,High,8.0,706.0,769.7,110.53355448309104
2025-04-05,786,13,2025,4,Saturday,True,True,False,High,8.0,708.8571428571429,768.5666666666667,112.58245655433764
2025-04-06,500,13,2025,4,Sunday,True,False,True,Very Low,5.0,684.8571428571429,756.6666666666666,137.82165839884982
2025-04-07,766,13,2025,4,Monday,False,True,False,High,8.0,724.5714285714286,758.8666666666667,108.59689550942768
2025-04-08,736,12,2025,4,Tuesday,False,False,False,Medium,8.0,711.8571428571429,745.0,99.72700833012087
2025-04-09,774,12,2025,4,Wednesday,False,True,False,High,8.0,719.0,733.0,102.49390225764567
2025-04-10,723,12,2025,4,Thursday,False,False,False,Medium,8.0,724.0,732.8666666666667,101.57919734538747
2025-04-11,801,12,2025,4,Friday,False,True,False,High,9.0,726.5714285714286,735.7,103.53076377395703
2025-04-12,869,13,2025,4,Saturday,True,True,False,Very High,9.0,738.4285714285714,739.4666666666667,115.52901099270372
2025-04-13,472,9,2025,4,Sunday,True,False,True,Very Low,5.0,734.4285714285714,728.6333333333333,125.23691833595069
2025-04-14,699,11,2025,4,Monday,False,False,False,Medium,7.0,724.8571428571429,734.9333333333333,124.98190345196393
2025-04-15,634,11,2025,4,Tuesday,False,False,False,Low,7.0,710.2857142857143,733.8666666666667,129.3364015345431
2025-04-16,736,10,2025,4,Wednesday,False,False,False,Medium,8.0,704.8571428571429,739.8666666666667,126.99268820346568
2025-04-17,715,10,2025,4,Thursday,False,False,False,Medium,8.0,703.7142857142857,736.3333333333334,126.83810453449921
2025-04-18,596,11,2025,4,Friday,False,False,False,Low,6.0,674.4285714285714,727.1333333333333,124.27235834093902
2025-04-19,650,11,2025,4,Saturday,True,False,False,Low,7.0,643.1428571428571,723.6,89.95263303803738
2025-04-20,506,12,2025,4,Sunday,True,False,True,Very Low,6.0,648.0,712.2,79.47955712005216
2025-04-21,781,11,2025,4,Monday,False,True,False,High,8.0,659.7142857142857,700.4666666666667,93.12127269625935
2025-04-22,764,11,2025,4,Tuesday,False,True,False,High,8.0,678.2857142857143,703.2,99.857755976044
2025-04-23,686,12,2025,4,Wednesday,False,False,False,Medium,7.0,671.1428571428571,701.1,96.78227897610816
2025-04-24,760,11,2025,4,Thursday,False,True,False,High,8.0,677.5714285714286,700.0,101.55763083565952
2025-04-25,733,11,2025,4,Friday,False,False,False,Medium,8.0,697.1428571428571,701.8333333333334,96.28158108975278
2025-04-26,821,12,2025,4,Saturday,True,True,False,High,9.0,721.5714285714286,704.9333333333333,103.73179702620392
2025-04-27,578,11,2025,4,Sunday,True,False,True,Very Low,6.0,731.8571428571429,700.9333333333333,79.54333948950561
2025-04-28,740,11,2025,4,Monday,False,False,False,Medium,8.0,726.0,700.0666666666667,76.78324470004206
2025-04-29,870,11,2025,4,Tuesday,False,True,False,Very High,9.0,741.1428571428571,706.8,94.03975856240862
2025-04-30,856,11,2025,4,Wednesday,False,True,False,Very High,9.0,765.4285714285714,719.0666666666667,99.23349089035264
2025-05-01,793,10,2025,5,Thursday,False,True,False,High,8.0,770.1428571428571,718.0,99.71530904100361
2025-05-02,840,11,2025,5,Friday,False,True,False,Very High,9.0,785.4285714285714,721.8666666666667,101.26180119350249
2025-05-03,780,11,2025,5,Saturday,True,True,False,High,8.0,779.5714285714286,724.9333333333333,100.03975400285832
2025-05-04,529,10,2025,5,Sunday,True,False,True,Very Low,6.0,772.5714285714286,716.4666666666667,116.80447643085311
2025-05-05,484,12,2025,5,Monday,False,False,True,Very Low,5.0,736.0,706.4,160.57708429287132
2025-05-06,641,12,2025,5,Tuesday,False,False,False,Low,7.0,703.2857142857143,711.1,151.815364050891
2025-05-07,676,12,2025,5,Wednesday,False,False,False,Low,7.0,677.5714285714286,708.1,136.06476049153494
2025-05-08,663,12,2025,5,Thursday,False,False,False,Low,7.0,659.0,705.6666666666666,126.19825672329893
2025-05-09,712,12,2025,5,Friday,False,False,False,Medium,8.0,640.7142857142857,703.6,102.68351747921552
2025-05-10,611,11,2025,5,Saturday,True,False,False,Low,7.0,616.5714285714286,699.8666666666667,82.32629620976866
2025-05-11,405,11,2025,5,Sunday,True,False,True,Very Low,5.0,598.8571428571429,686.6666666666666,112.22214364290582
2025-05-12,450,9,2025,5,Monday,False,False,True,Very Low,5.0,594.0,672.7,118.57768199229614
2025-05-13,549,10,2025,5,Tuesday,False,False,True,Very Low,6.0,580.8571428571429,675.2666666666667,117.59454149949133
2025-05-14,560,10,2025,5,Wednesday,False,False,True,Very Low,6.0,564.2857142857143,670.6333333333333,109.87222015552477
2025-05-15,526,11,2025,5,Thursday,False,False,True,Very Low,6.0,544.7142857142857,667.0333333333333,101.2187635531939
2025-05-16,592,10,2025,5,Friday,False,False,False,Low,6.0,527.5714285714286,662.2333333333333,74.90629066341225
2025-05-17,547,11,2025,5,Saturday,True,False,True,Very Low,6.0,518.4285714285714,656.6333333333333,66.4551406159441
2025-05-18,270,10,2025,5,Sunday,True,False,True,Very Low,3.0,499.14285714285717,645.7666666666667,110.10968557371321
2025-05-19,518,11,2025,5,Monday,False,False,True,Very Low,6.0,508.85714285714283,641.3666666666667,108.03152097331909
2025-05-20,554,11,2025,5,Tuesday,False,False,True,Very Low,6.0,509.57142857142856,642.9666666666667,108.35721348523538
2025-05-21,408,11,2025,5,Wednesday,False,False,True,Very Low,5.0,487.85714285714283,630.5333333333333,111.74439370191517
2025-05-22,503,11,2025,5,Thursday,False,False,True,Very Low,6.0,484.57142857142856,621.8333333333334,110.76981710263615
2025-05-23,502,11,2025,5,Friday,False,False,True,Very Low,6.0,471.7142857142857,615.7,101.0160289025318
2025-05-24,463,12,2025,5,Saturday,True,False,True,Very Low,5.0,459.7142857142857,605.8,95.41613121080265
2025-05-25,332,11,2025,5,Sunday,True,False,True,Very Low,4.0,468.57142857142856,592.4333333333333,75.71406109579704
2025-05-26,487,10,2025,5,Monday,False,False,True,Very Low,5.0,464.14285714285717,581.3,73.2061667972165
2025-05-27,554,11,2025,5,Tuesday,False,False,True,Very Low,6.0,464.14285714285717,580.5,73.2061667972165
2025-05-28,636,11,2025,5,Wednesday,False,False,False,Low,7.0,496.7142857142857,577.0333333333333,92.2961073316234
2025-05-29,542,11,2025,5,Thursday,False,False,True,Very Low,6.0,502.2857142857143,566.1,93.90192452005743
2025-05-30,564,12,2025,5,Friday,False,False,True,Very Low,6.0,511.14285714285717,556.3666666666667,96.75127660040815
2025-05-31,659,13,2025,5,Saturday,True,False,False,Low,7.0,539.1428571428571,551.9,108.18260576671015
2025-06-01,408,12,2025,6,Sunday,True,False,True,Very Low,5.0,550.0,537.5,85.32877591996305
2025-06-02,521,13,2025,6,Monday,False,False,True,Very Low,6.0,554.8571428571429,528.8666666666667,82.04963654485093
2025-06-03,564,13,2025,6,Tuesday,False,False,True,Very Low,6.0,556.2857142857143,530.0333333333333,82.11925126650092
2025-06-04,599,13,2025,6,Wednesday,False,False,False,Low,6.0,551.0,533.8666666666667,77.17512552629422
2025-06-05,608,13,2025,6,Thursday,False,False,False,Low,7.0,560.4285714285714,532.7666666666667,79.87669068185667
2025-06-06,607,13,2025,6,Friday,False,False,False,Low,7.0,566.5714285714286,530.4666666666667,81.82676241681789
2025-06-07,561,13,2025,6,Saturday,True,False,True,Very Low,6.0,552.5714285714286,527.0666666666667,71.05128932176382
2025-06-08,562,12,2025,6,Sunday,True,False,True,Very Low,6.0,574.5714285714286,522.0666666666667,31.85831729629979
2025-06-09,600,12,2025,6,Monday,False,False,False,Low,6.0,585.8571428571429,521.7,22.26678072395936
2025-06-10,646,12,2025,6,Tuesday,False,False,False,Low,7.0,597.5714285714286,529.7333333333333,29.30788939776758
2025-06-11,666,12,2025,6,Wednesday,False,False,False,Low,7.0,607.1428571428571,536.9333333333333,39.14259645376478
2025-06-12,624,13,2025,6,Thursday,False,False,False,Low,7.0,609.4285714285714,539.4333333333333,39.664665815876255
2025-06-13,677,13,2025,6,Friday,False,False,False,Low,7.0,619.4285714285714,543.3333333333334,47.08098392789282
2025-06-14,760,13,2025,6,Saturday,True,True,False,High,8.0,647.8571428571429,551.1333333333333,63.23086949538481
2025-06-15,440,14,2025,6,Sunday,True,False,True,Very Low,5.0,630.4285714285714,546.0666666666667,98.0609625740634
2025-06-16,579,12,2025,6,Monday,False,False,True,Very Low,6.0,627.4285714285714,547.1333333333333,99.45829468149881
2025-06-17,637,14,2025,6,Tuesday,False,False,False,Low,7.0,626.1428571428571,559.3666666666667,99.2361301331778
2025-06-18,681,13,2025,6,Wednesday,False,False,False,Low,7.0,628.2857142857143,564.8,100.39540873584595
2025-06-19,677,14,2025,6,Thursday,False,False,False,Low,7.0,635.8571428571429,568.9,102.00396817677743
2025-06-20,638,13,2025,6,Friday,False,False,False,Low,7.0,630.2857142857143,576.5666666666667,100.43524329256927
2025-06-21,669,14,2025,6,Saturday,True,False,False,Low,7.0,617.2857142857143,582.1,85.6479505217193
2025-06-22,533,14,2025,6,Sunday,True,False,True,Very Low,6.0,630.5714285714286,583.1333333333333,55.45525867115939
2025-06-23,680,14,2025,6,Monday,False,False,False,Low,7.0,645.0,590.3666666666667,52.88036812781149
2025-06-24,712,14,2025,6,Tuesday,False,False,False,Medium,8.0,655.7142857142857,603.0333333333333,58.30870228280098
2025-06-25,733,14,2025,6,Wednesday,False,False,False,Medium,8.0,663.1428571428571,611.2333333333333,64.99597057107286
2025-06-26,708,14,2025,6,Thursday,False,False,False,Medium,8.0,667.5714285714286,616.3666666666667,67.11894204285383
2025-06-27,716,14,2025,6,Friday,False,False,False,Medium,8.0,678.7142857142857,619.0333333333333,67.86190459482931
2025-06-28,679,14,2025,6,Saturday,True,False,False,Low,7.0,680.1428571428571,623.6,67.72844939272183
2025-06-29,552,13,2025,6,Sunday,True,False,True,Very Low,6.0,682.8571428571429,623.2,60.88357351379069
2025-06-30,686,13,2025,6,Monday,False,False,False,Medium,7.0,683.7142857142857,624.1,60.87888053535256
2025-07-01,679,13,2025,7,Tuesday,False,False,False,Low,7.0,679.0,633.1333333333333,59.58747071882046
2025-07-02,652,13,2025,7,Wednesday,False,False,False,Low,7.0,667.4285714285714,637.5,55.045003233281456
2025-07-03,827,13,2025,7,Thursday,False,True,False,High,9.0,684.4285714285714,646.2666666666667,81.62282593910449
2025-07-04,742,14,2025,7,Friday,False,False,False,Medium,8.0,688.1428571428571,651.0333333333333,83.85986042485305
2025-07-05,732,14,2025,7,Saturday,True,False,False,Medium,8.0,695.7142857142857,655.1666666666666,85.2774184367571
2025-07-06,466,13,2025,7,Sunday,True,False,True,Very Low,5.0,683.4285714285714,650.4666666666667,111.57337965490996
2025-07-07,699,13,2025,7,Monday,False,False,False,Medium,7.0,685.2857142857143,655.0666666666667,111.7313955963336
2025-07-08,664,13,2025,7,Tuesday,False,False,False,Low,7.0,683.1428571428571,658.4666666666667,112.01551763249509
2025-07-09,715,13,2025,7,Wednesday,False,False,False,Medium,8.0,692.1428571428571,662.3,111.62650308271706
2025-07-10,724,13,2025,7,Thursday,False,False,False,Medium,8.0,677.4285714285714,664.9,96.67446602361966
2025-07-11,853,13,2025,7,Friday,False,True,False,Very High,9.0,693.2857142857143,671.1333333333333,116.16900660347301
2025-07-12,745,13,2025,7,Saturday,True,False,False,Medium,8.0,695.1428571428571,675.1666666666666,116.99206322286364
2025-07-13,531,12,2025,7,Sunday,True,False,True,Very Low,6.0,704.4285714285714,670.3,96.57097069488364
2025-07-14,705,13,2025,7,Monday,False,False,False,Medium,8.0,705.2857142857143,668.4666666666667,96.54138022235746
2025-07-15,646,13,2025,7,Tuesday,False,False,False,Low,7.0,702.7142857142857,675.3333333333334,98.0522212662099
2025-07-16,634,13,2025,7,Wednesday,False,False,False,Low,7.0,691.1428571428571,677.1666666666666,101.09307356989984
2025-07-17,771,12,2025,7,Thursday,False,True,False,High,8.0,697.8571428571429,681.6333333333333,105.11965970807998
2025-07-18,694,13,2025,7,Friday,False,False,False,Medium,7.0,675.1428571428571,682.0666666666667,80.2442699333882
2025-07-19,874,12,2025,7,Saturday,True,True,False,Very High,9.0,693.5714285714286,688.6333333333333,108.72113738498773
2025-07-20,517,11,2025,7,Sunday,True,False,True,Very Low,6.0,691.5714285714286,684.6,112.28068569861888
2025-07-21,453,8,2025,7,Monday,False,False,True,Very Low,5.0,655.5714285714286,677.4,143.35603363985746
2025-07-22,651,11,2025,7,Tuesday,False,False,False,Low,7.0,656.2857142857143,681.3333333333334,143.31284460428168
2025-07-23,654,12,2025,7,Wednesday,False,False,False,Low,7.0,659.1428571428571,680.4666666666667,142.99350634606603
2025-07-24,667,11,2025,7,Thursday,False,False,False,Low,7.0,644.2857142857143,678.9666666666667,134.5903838636734
2025-07-25,555,12,2025,7,Friday,False,False,True,Very Low,6.0,624.4285714285714,673.0333333333333,136.27650463042113
2025-07-26,573,13,2025,7,Saturday,True,False,True,Very Low,6.0,581.4285714285714,668.5333333333333,80.4608748458016
2025-07-27,421,14,2025,7,Sunday,True,False,True,Very Low,5.0,567.7142857142857,658.7,99.2584409268926
2025-07-28,681,14,2025,7,Monday,False,False,False,Low,7.0,600.2857142857143,658.7666666666667,92.5215547601612
2025-07-29,705,14,2025,7,Tuesday,False,False,False,Medium,8.0,608.0,663.8666666666667,99.4468031998319
2025-07-30,716,14,2025,7,Wednesday,False,False,False,Medium,8.0,616.8571428571429,664.8666666666667,106.72148888801938
2025-07-31,793,14,2025,7,Thursday,False,True,False,High,8.0,634.8571428571429,668.6666666666666,125.55268292822612
2025-08-01,733,14,2025,8,Friday,False,False,False,Medium,8.0,660.2857142857143,671.3666666666667,124.70593982874665
2025-08-02,624,14,2025,8,Saturday,True,False,False,Low,7.0,667.5714285714286,664.6,120.16357898417175
2025-08-03,548,14,2025,8,Sunday,True,False,True,Very Low,6.0,685.7142857142857,658.1333333333333,79.40552937445668
2025-08-04,627,14,2025,8,Monday,False,False,False,Low,7.0,678.0,654.6333333333333,82.50252521387607
2025-08-05,679,13,2025,8,Tuesday,False,False,False,Low,7.0,674.2857142857143,661.7333333333333,81.66540329440414
2025-08-06,764,14,2025,8,Wednesday,False,True,False,High,8.0,681.1428571428571,663.9,87.55460880964016
2025-08-07,660,14,2025,8,Thursday,False,False,False,Low,7.0,662.1428571428571,663.7666666666667,72.34507256067324
2025-08-08,779,15,2025,8,Friday,False,True,False,High,8.0,668.7142857142857,665.9,81.37918301734784
2025-08-10,411,13,2025,8,Sunday,True,False,True,Very Low,5.0,638.2857142857143,655.4666666666667,127.58750498607195
2025-08-11,640,11,2025,8,Monday,False,False,False,Low,7.0,651.4285714285714,648.3666666666667,121.3216896558563
2025-08-12,735,11,2025,8,Tuesday,False,False,False,Medium,8.0,666.8571428571429,648.0333333333333,124.52232540315445
2025-08-13,625,11,2025,8,Wednesday,False,False,False,Low,7.0,659.1428571428571,651.1666666666666,125.31484159431822
2025-08-14,711,13,2025,8,Thursday,False,False,False,Medium,8.0,651.5714285714286,651.3666666666667,119.38433334243895
2025-08-15,547,12,2025,8,Friday,False,False,True,Very Low,6.0,635.4285714285714,648.0666666666667,125.53599370015445
2025-08-16,635,12,2025,8,Saturday,True,False,False,Low,7.0,614.8571428571429,648.1,108.76646016646089
2025-08-17,537,13,2025,8,Sunday,True,False,True,Very Low,6.0,632.8571428571429,640.3,74.40526095070398
2025-08-18,654,13,2025,8,Monday,False,False,False,Low,7.0,634.8571428571429,638.9666666666667,74.81628292340973
2025-08-19,701,12,2025,8,Tuesday,False,False,False,Medium,8.0,630.0,633.2,68.02695544169352
2025-08-20,724,14,2025,8,Wednesday,False,False,False,Medium,8.0,644.1428571428571,640.1,76.56898539101216
2025-08-21,727,13,2025,8,Thursday,False,False,False,Medium,8.0,646.4285714285714,649.2333333333333,79.09457870772114
2025-08-22,757,13,2025,8,Friday,False,True,False,High,8.0,676.4285714285714,652.7666666666667,74.80609855454256
2025-08-23,726,13,2025,8,Saturday,True,False,False,Medium,8.0,689.4285714285714,655.1666666666666,74.31208323203761
2025-08-24,456,12,2025,8,Sunday,True,False,True,Very Low,5.0,677.8571428571429,648.1333333333333,102.83551359886532
2025-08-25,759,15,2025,8,Monday,False,True,False,High,8.0,692.8571428571429,654.9333333333333,106.37266028986222
2025-08-26,662,16,2025,8,Tuesday,False,False,False,Low,7.0,687.2857142857143,657.9,106.8951422122212
2025-08-27,507,15,2025,8,Wednesday,False,False,True,Very Low,6.0,656.2857142857143,660.7666666666667,124.49058101681541
2025-08-28,766,15,2025,8,Thursday,False,True,False,High,8.0,661.8571428571429,663.6,128.97471143784628
2025-08-29,707,17,2025,8,Friday,False,False,False,Medium,8.0,654.7142857142857,663.6666666666666,124.12052514352443
2025-08-30,717,15,2025,8,Saturday,True,False,False,Medium,8.0,653.4285714285714,663.7,123.30295636203766
2025-08-31,537,16,2025,8,Sunday,True,False,True,Very Low,6.0,665.0,655.1666666666666,103.97275284098652
2025-09-01,752,16,2025,9,Monday,False,True,False,High,8.0,664.0,655.8,102.94658809304724
2025-09-02,703,16,2025,9,Tuesday,False,False,False,Medium,8.0,669.8571428571429,658.4333333333333,103.97504279301387
2025-09-03,794,16,2025,9,Wednesday,False,True,False,High,8.0,710.8571428571429,666.6333333333333,83.65291103009584
2025-09-04,769,17,2025,9,Thursday,False,True,False,High,8.0,711.2857142857143,671.3666666666667,83.98951181687927
2025-09-05,532,17,2025,9,Friday,False,False,True,Very Low,6.0,686.2857142857143,666.4666666666667,108.07052371131394
2025-09-06,599,12,2025,9,Saturday,True,False,False,Low,6.0,669.4285714285714,660.9666666666667,111.62564989412273
2025-09-07,416,15,2025,9,Sunday,True,False,True,Very Low,5.0,652.1428571428571,652.8333333333334,141.04305320412763
2025-09-08,688,14,2025,9,Monday,False,False,False,Medium,7.0,643.0,649.8,135.45478950557452
2025-09-09,701,15,2025,9,Tuesday,False,False,False,Medium,8.0,642.7142857142857,659.4666666666667,135.30916978745722
2025-09-10,749,15,2025,9,Wednesday,False,False,False,Medium,8.0,636.2857142857143,663.1,127.78329870750292
2025-09-11,603,15,2025,9,Thursday,False,False,False,Low,7.0,612.5714285714286,658.7,113.6732996249273
2025-09-12,714,16,2025,9,Friday,False,False,False,Medium,8.0,638.5714285714286,661.6666666666666,112.98503904331112
2025-09-13,669,15,2025,9,Saturday,True,False,False,Low,7.0,648.5714285714286,660.2666666666667,111.99234667728514
2025-09-14,413,16,2025,9,Sunday,True,False,True,Very Low,5.0,648.1428571428571,655.8,113.03160114384988
2025-09-15,782,15,2025,9,Monday,False,True,False,High,8.0,661.5714285714286,660.7,123.6417636330267
2025-09-16,730,16,2025,9,Tuesday,False,False,False,Medium,8.0,665.7142857142857,667.1333333333333,125.65258225986032
2025-09-17,668,15,2025,9,Wednesday,False,False,False,Low,7.0,654.1428571428571,667.6,120.32099923597033
2025-09-18,859,15,2025,9,Thursday,False,True,False,Very High,9.0,690.7142857142857,672.8666666666667,139.5537104316387
2025-09-19,877,14,2025,9,Friday,False,True,False,Very High,9.0,714.0,677.9666666666667,156.63971399360892
2025-09-20,816,15,2025,9,Saturday,True,True,False,High,9.0,735.0,680.9333333333333,159.43023552638826
2025-09-21,709,12,2025,9,Sunday,True,False,False,Medium,8.0,777.2857142857143,679.3333333333334,78.51053917726247
2025-09-22,905,15,2025,9,Monday,False,True,False,Very High,10.0,794.8571428571429,685.3,92.29559139241661
2025-09-23,892,15,2025,9,Tuesday,False,True,False,Very High,9.0,818.0,699.8333333333334,93.62335890862444
2025-09-24,836,15,2025,9,Wednesday,False,True,False,Very High,9.0,842.0,702.4,66.31239200430902
2025-09-25,855,14,2025,9,Thursday,False,True,False,Very High,9.0,841.4285714285714,708.8333333333334,66.15853974319712
