Date,Count,Trend,Detrended,Volatility_30day,Volatility_7day
2024-02-10,1033,,,,
2024-02-11,828,,,,
2024-02-12,469,,,,
2024-02-13,447,,,,
2024-02-14,463,,,,
2024-02-15,599,,,,
2024-02-16,671,,,,219.89597107550216
2024-02-17,647,,,,140.08857742089296
2024-02-18,350,,,,119.19511814867326
2024-02-19,464,,,,119.57205438762092
2024-02-20,482,,,,116.7010833589082
2024-02-21,517,,,,113.65360908102674
2024-02-22,504,,,,110.05409925079914
2024-02-23,463,,,,88.16812943246
2024-02-24,586,,,,71.44328419902618
2024-02-25,305,557.0,-252.0,,85.7687921932312
2024-02-26,471,547.5333333333333,-76.5333333333333,,85.66768574528173
2024-02-27,576,545.8666666666667,30.133333333333326,,93.84637903053493
2024-02-28,499,554.7,-55.700000000000045,,93.19104800661594
2024-02-29,527,565.7666666666667,-38.76666666666665,,94.31835654289334
2024-03-01,547,577.2,-30.200000000000045,,95.70764013887478
2024-03-02,549,592.8,-43.799999999999955,,91.18244400781363
2024-03-03,467,610.6666666666666,-143.66666666666663,,41.64075384707102
2024-03-04,526,611.6,-85.60000000000002,,35.75245579310708
2024-03-05,711,621.7333333333333,89.26666666666665,,77.93556557151787
2024-03-06,708,629.6,78.39999999999998,,94.86807883030183
2024-03-07,693,636.5666666666667,56.43333333333328,,101.00235735108448
2024-03-08,596,643.0333333333333,-47.0333333333333,,98.36908147622488
2024-03-09,651,657.2,-6.2000000000000455,,95.84312579368817
2024-03-10,361,659.3666666666667,-298.3666666666667,146.37010246820125,127.50536870116109
2024-03-11,749,655.1333333333333,93.86666666666667,121.61293412761015,131.80523148805216
2024-03-12,778,669.6333333333333,108.36666666666667,117.92333375408857,140.1237548264627
2024-03-13,734,676.6,57.39999999999998,121.82750666130515,142.30684486432145
2024-03-14,779,680.4333333333333,98.56666666666672,126.68905277076638,149.97110832868205
2024-03-15,806,678.1333333333333,127.86666666666667,132.44163320835546,155.02042876128706
2024-03-16,1067,680.3,386.70000000000005,159.82865825627144,206.85974084135444
2024-03-17,1207,675.5666666666667,531.4333333333333,194.9677839582971,185.3948167971209
2024-03-18,675,679.3333333333334,-4.333333333333371,195.21457690060643,195.56048875451475
2024-03-19,654,687.3333333333334,-33.33333333333337,188.95683384696963,209.72203826334814
2024-03-20,700,694.5,5.5,187.0667592433063,213.11454554724665
2024-03-21,691,693.5333333333333,-2.533333333333303,185.2634067619871,219.8794041763628
2024-03-22,711,708.0333333333333,2.966666666666697,184.32944332949347,224.39028499469387
2024-03-23,929,713.4333333333333,215.56666666666672,189.53380191661208,203.66534174613847
2024-03-24,528,711.0333333333333,-183.0333333333333,187.59889039693422,118.98699408718888
2024-03-25,459,711.9333333333333,-252.93333333333328,190.7185565593762,149.99873015335498
2024-03-26,740,713.9333333333333,26.06666666666672,179.37967503619794,152.22101725858377
2024-03-27,680,708.9,-28.899999999999977,175.41391444041824,151.96428151754222
2024-03-28,691,691.8666666666667,-0.8666666666666742,174.39327006418046,151.96428151754222
2024-03-29,430,690.0,-260.0,177.29942204494432,176.56511007341757
2024-03-30,592,688.8333333333334,-96.83333333333337,175.77947587227314,120.68948745003584
2024-03-31,405,675.8333333333334,-270.83333333333337,181.3173410375289,138.6025492791047
2024-04-01,662,663.2,-1.2000000000000455,179.76446914731542,132.35935932150764
2024-04-02,707,644.9333333333333,62.06666666666672,175.27344810094718,127.0219328642554
2024-04-03,741,644.3333333333334,96.66666666666663,172.82774960776058,135.60481800683428
2024-04-04,682,643.6333333333333,38.366666666666674,172.81338017588834,134.6819887558766
2024-04-05,1143,643.4666666666667,499.5333333333333,191.32685218707832,222.96850087165302
2024-04-06,855,646.1333333333333,208.86666666666667,193.1652291359044,222.99658336054418
2024-04-07,524,639.6333333333333,-115.63333333333333,195.11207801800936,195.9008495569705
2024-04-08,678,630.3333333333334,47.66666666666663,194.8877543141416,194.66797129373637
2024-04-09,421,632.5666666666667,-211.56666666666672,191.43954359163817,234.02909871983653
2024-04-10,598,638.4333333333333,-40.43333333333328,192.46806273357097,238.15361189186865
2024-04-11,267,634.2666666666667,-367.26666666666665,208.11729672327175,289.53493086409475
2024-04-12,678,632.5,45.5,207.97745235879586,192.06149808751104
2024-04-13,744,630.2333333333333,113.76666666666665,207.55873009050148,168.1267945558322
2024-04-14,416,628.7666666666667,-212.76666666666665,212.1302598085356,176.57144783479617
2024-04-15,688,630.7666666666667,57.23333333333335,198.90448236137948,177.87997558546513
2024-04-16,659,637.3,21.700000000000045,170.35620558585254,173.00275252420792
2024-04-17,657,638.3333333333334,18.66666666666663,170.27833873889603,175.52587653486674
2024-04-18,633,637.1666666666666,-4.166666666666629,170.28039418464542,104.4313399411532
2024-04-19,695,636.8333333333334,58.16666666666663,170.22575949427383,105.67199926457039
2024-04-20,771,637.9333333333333,133.06666666666672,171.61700207817088,110.4141554072015
2024-04-21,516,618.6333333333333,-102.63333333333333,172.76443666076855,77.24944136028505
2024-04-22,650,614.5666666666667,35.43333333333328,163.93424529856253,76.2711329028594
2024-04-23,595,617.1,-22.100000000000023,162.94544958430095,79.40343041647948
2024-04-24,635,619.1333333333333,15.866666666666674,159.61520179380858,79.29781117498008
2024-04-25,615,631.3,-16.299999999999955,158.5000670800107,79.93300766445395
2024-04-26,627,635.9333333333333,-8.93333333333328,158.2679417295569,76.11488810000404
2024-04-27,623,649.9,-26.899999999999977,157.88771290083832,44.26704675683013
2024-04-28,386,640.5333333333333,-254.5333333333333,160.0020869116776,91.60500090320483
2024-04-29,652,626.2333333333333,25.76666666666665,159.90162564857664,91.82566297583888
2024-04-30,601,636.9333333333333,-35.93333333333328,154.26380226629718,91.90341721197346
2024-05-01,693,635.2333333333333,57.76666666666665,154.53854185781714,98.85318599292762
2024-05-02,672,631.3333333333334,40.66666666666663,154.13386106380665,102.61207577686972
2024-05-03,731,628.6333333333333,102.36666666666667,153.91221934715867,112.88468621098404
2024-05-04,715,628.7666666666667,86.23333333333335,154.36341654620165,118.17460850469546
2024-05-05,564,618.0333333333333,-54.0333333333333,121.79872694350114,60.62295651931527
2024-05-06,733,610.6666666666666,122.33333333333337,115.50897362761833,66.07247103424663
2024-05-07,600,613.0666666666667,-13.06666666666672,114.281066100057,66.2542002262421
2024-05-08,739,610.4,128.60000000000002,115.93271929140164,70.74703426393778
2024-05-09,786,609.8333333333334,176.16666666666663,113.55058116433705,81.18057473488123
2024-05-10,737,609.0333333333333,127.9666666666667,114.9719406048139,81.64907487884571
2024-05-11,686,608.1333333333333,77.86666666666667,91.70430366315911,81.27613132900366
2024-05-12,397,597.5,-200.5,102.45561977260483,133.12865242027362
2024-05-13,315,597.7,-282.70000000000005,116.49320931321287,183.48556450291207
2024-05-14,737,605.6666666666666,131.33333333333337,111.13611825868882,189.62280855374297
2024-05-15,637,604.6,32.39999999999998,110.7173111509931,183.50463858156914
2024-05-16,542,604.3333333333334,-62.33333333333337,111.9055430919877,167.79423339884087
2024-05-17,576,605.2333333333333,-29.23333333333335,112.2415754716936,152.85037813246657
2024-05-18,637,603.9,33.10000000000002,112.24931712666394,146.89533040651094
2024-05-19,373,594.9,-221.89999999999998,120.76922516571226,151.24231582212042
2024-05-20,550,592.5,-42.5,117.82111904049327,112.80281995799622
2024-05-21,588,591.8,-3.7999999999999545,116.55276541737157,89.67507484033102
2024-05-22,570,587.9,-17.899999999999977,116.59378347419579,83.12039460926495
2024-05-23,578,592.9333333333333,-14.93333333333328,116.71246227620586,83.79822705250261
2024-05-24,611,592.6,18.399999999999977,116.6162239062858,86.39334189513362
2024-05-25,588,598.5666666666667,-10.56666666666672,116.67276174554794,80.73914492864937
2024-05-26,308,585.5333333333333,-277.5333333333333,128.8002329190443,104.7957196508654
2024-05-27,629,588.8333333333334,40.16666666666663,128.8458448074209,109.94609068603931
2024-05-28,625,600.0333333333333,24.966666666666697,122.5393204545844,112.75468525794825
2024-05-29,620,614.6333333333333,5.366666666666674,122.26105478541169,115.16778650134324
2024-05-30,593,615.7666666666667,-22.76666666666665,122.27790093664237,115.57640227098562
2024-05-31,720,625.5,94.5,123.04994313589579,128.94923327381477
2024-06-01,632,634.1,-2.1000000000000227,122.51709240360931,130.28284249132344
2024-06-02,461,628.8333333333334,-167.83333333333337,122.77519405752176,77.1856142530394
2024-06-03,643,624.3666666666667,18.633333333333326,121.03796782486258,77.89492311838428
2024-06-04,543,638.6,-95.60000000000002,121.26898002886573,81.92621535201482
2024-06-05,616,646.2666666666667,-30.26666666666665,118.41928722217065,81.79125579063736
2024-06-06,751,664.2666666666667,86.73333333333335,122.10310322056525,99.13242706217805
2024-06-07,729,680.8,48.200000000000045,121.70359697741655,100.6363088883263
2024-06-08,965,680.4,284.6,135.15653334466367,163.5418979373553
2024-06-09,346,671.0333333333333,-325.0333333333333,140.1085129544201,191.69109575167062
2024-06-10,785,684.5,100.5,143.6768604538849,197.49418315725742
2024-06-11,733,701.7666666666667,31.23333333333335,141.28339906222092,188.97253516746557
2024-06-12,753,708.4666666666667,44.5333333333333,133.21346192026417,185.45298467215213
2024-06-13,771,718.5,52.5,134.4294926931854,186.10660027700962
2024-06-14,929,726.4333333333333,202.56666666666672,146.08565036094194,201.37018741847655
2024-06-15,800,743.5666666666667,56.43333333333328,148.57352759979938,181.2889038707737
2024-06-16,418,737.3666666666667,-319.3666666666667,153.42527852982406,156.09688688515885
2024-06-17,503,739.3,-236.29999999999995,155.12052785147299,177.81357278528156
2024-06-18,800,749.1333333333333,50.866666666666674,150.79024024028945,181.5863955466351
2024-06-19,780,749.7333333333333,30.26666666666665,151.97253230341565,182.91970655896816
2024-06-20,1128,756.9333333333333,371.0666666666667,175.05918867694425,241.6580622441946
2024-06-21,1066,761.6666666666666,304.33333333333337,188.737073090108,261.81991266262895
2024-06-22,566,766.2,-200.20000000000005,188.9750211554155,274.2297437933244
2024-06-23,330,752.8333333333334,-422.83333333333337,199.21976832622335,293.4160868118856
2024-06-24,992,741.9333333333333,250.06666666666672,206.91923295217705,285.9810183511187
2024-06-25,826,751.6333333333333,74.36666666666667,195.72829220073467,286.01565058743273
2024-06-26,830,746.2666666666667,83.73333333333335,196.58984667599708,285.6908085592502
2024-06-27,926,746.9333333333333,179.06666666666672,199.83730451510337,258.2449925758023
2024-06-28,858,746.3333333333334,111.66666666666663,200.51514403781533,231.93636237225974
2024-06-29,1107,732.0333333333333,374.9666666666667,210.43496551819464,245.79521092626217
2024-06-30,534,722.8666666666667,-188.86666666666667,213.86532715921865,178.28989235031167
2024-07-01,690,716.8333333333334,-26.83333333333337,213.14090369421422,179.69590715322104
2024-07-02,756,715.2,40.799999999999955,206.56212780584502,181.5322351015168
2024-07-03,661,719.4666666666667,-58.4666666666667,206.26914679500743,190.14969040707044
2024-07-04,759,713.8,45.200000000000045,202.54023582102616,180.51671865587872
2024-07-05,758,707.3,50.700000000000045,200.78472488495373,175.9615758922275
2024-07-06,887,680.5,206.5,202.06680356616818,108.875638973577
2024-07-07,328,659.5666666666667,-331.5666666666667,217.30117084492394,175.32038699260843
2024-07-08,638,663.8666666666667,-25.866666666666674,214.4746481816529,176.481754081858
2024-07-10,637,675.6333333333333,-38.633333333333326,202.17839226497645,174.0894679673148
2024-07-11,624,667.9333333333333,-43.93333333333328,203.39530617669809,174.8569483347809
2024-07-12,753,668.4,84.60000000000002,203.38309924246747,174.3136199361311
2024-07-13,735,679.3,55.700000000000045,203.39113555656405,172.38025519459077
2024-07-14,342,673.7,-331.70000000000005,216.27034220979152,174.47526772473748
2024-07-15,654,674.6666666666666,-20.66666666666663,213.44348090356374,135.22749790806608
2024-07-16,619,661.2666666666667,-42.26666666666665,213.745914795942,135.14049127094444
2024-07-17,369,668.7333333333333,-299.73333333333335,216.28037358946855,165.26083279816376
2024-07-18,631,668.6666666666666,-37.66666666666663,213.19033641380176,165.556061573744
2024-07-19,630,668.7333333333333,-38.73333333333335,213.2352432538236,150.76124296699118
2024-07-20,585,662.8,-77.79999999999995,214.1179420400083,132.7471639011895
2024-07-21,324,660.7,-336.70000000000005,209.92046934083376,137.47346064223495
2024-07-22,438,657.9333333333333,-219.93333333333328,201.28735392610923,132.98585674889569
2024-07-23,695,650.9333333333333,44.06666666666672,200.59630644884663,145.525320984421
2024-07-24,683,663.3,19.700000000000045,190.43262603207285,137.7665382000245
2024-07-25,761,666.5,94.5,181.66792997557175,155.11930892058467
2024-07-26,840,672.6,167.39999999999998,182.105426077579,182.48835579291028
2024-07-27,1157,665.1333333333333,491.8666666666667,200.92547082833042,271.5705643632449
2024-07-28,758,662.5666666666667,95.43333333333328,196.0957102697735,215.1865193157742
2024-07-29,887,662.8,224.20000000000005,197.1044416535058,163.26709055147305
2024-07-30,705,673.0333333333333,31.966666666666697,179.5853333488652,161.96986786201361
2024-07-31,758,664.4,93.60000000000002,178.76625719817406,153.0707897237965
2024-08-01,688,666.3666666666667,21.633333333333326,178.75842557105867,161.44850277292477
2024-08-02,758,675.9666666666667,82.0333333333333,178.7924887208312,163.35995895713316
2024-08-04,483,670.6666666666666,-187.66666666666663,181.98302308087753,122.22773436343716
2024-08-05,696,668.6333333333333,27.366666666666674,181.19643560473838,121.22116741135322
2024-08-06,675,669.6666666666666,5.333333333333371,180.2909398403197,93.04632742681949
2024-08-07,677,681.5333333333333,-4.533333333333303,175.09227780552308,92.41366627445078
2024-08-08,699,689.1,9.899999999999977,164.26411659276056,86.21678104251612
2024-08-09,734,689.9,44.10000000000002,164.68878696415302,89.67879188685338
2024-08-10,820,692.0666666666667,127.93333333333328,166.93228030221294,101.56583602579613
2024-08-11,400,679.2666666666667,-279.26666666666665,174.0393798745746,129.7881056990671
2024-08-12,676,671.9,4.100000000000023,173.2649323481507,129.38020750964162
2024-08-13,742,655.4333333333333,86.56666666666672,173.3705220936781,132.36655454420733
2024-08-14,649,653.5,-4.5,162.50187974155952,132.8341249901719
2024-08-15,395,652.1333333333333,-257.1333333333333,170.24355777978,168.35322843298638
2024-08-16,678,657.1333333333333,20.866666666666674,170.04167508104555,163.90691318695482
2024-08-17,657,661.6666666666666,-4.666666666666629,160.5386371656012,141.24312035500617
2024-08-18,472,652.4333333333333,-180.43333333333328,164.64639923669526,126.09709033310769
2024-08-19,569,651.5666666666667,-82.56666666666672,165.54017812818944,123.19477416251097
2024-08-20,616,658.0,-42.0,165.09627981634065,106.07993392226471
2024-08-21,680,657.9666666666667,22.033333333333303,151.63971214312767,110.17561738727105
2024-08-22,665,658.9,6.100000000000023,144.56721381539066,76.24272018332063
2024-08-23,719,660.1333333333333,58.866666666666674,144.6673592334714,82.77450723271511
2024-08-24,748,652.6666666666666,95.33333333333337,145.04670670662205,94.82766323328599
2024-08-25,377,643.1333333333333,-266.1333333333333,155.33255389277105,124.70689445178755
2024-08-26,619,638.6,-19.600000000000023,152.66446191250446,122.38463955905485
2024-08-27,663,647.7,15.299999999999955,122.123364234507,122.64952002313156
2024-08-28,700,648.4333333333333,51.56666666666672,120.89657877136446,123.99711978221715
2024-08-29,846,645.7333333333333,200.26666666666665,118.37134244674138,146.5228732347009
2024-08-30,855,646.9,208.10000000000002,123.728215312304,162.63192447100522
2024-08-31,894,657.0666666666667,236.93333333333328,129.88943131685554,180.1940752685967
2024-09-01,411,646.9333333333333,-235.93333333333328,137.57121875554168,169.96162031750677
2024-09-02,732,639.0666666666667,92.93333333333328,136.9637967099169,164.88350866163483
2024-09-03,676,642.6666666666666,33.33333333333337,133.25552327299107,164.0912928249161
2024-09-04,695,645.1666666666666,49.83333333333337,133.24581466761657,164.25734744746177
2024-09-05,703,644.3,58.700000000000045,133.46712109652003,156.09490397709652
2024-09-06,714,642.9,71.10000000000002,133.81065710182816,142.70215401984882
2024-09-07,475,641.4,-166.39999999999998,137.7584926559906,129.8163538013816
2024-09-08,448,630.9,-182.89999999999998,141.77343103390876,119.80778255983435
2024-09-09,684,627.6666666666666,56.33333333333337,138.04836733601007,114.57083481617808
2024-09-10,673,639.9666666666667,33.0333333333333,130.57331141995462,114.36616216179863
2024-09-11,698,644.8,53.200000000000045,130.79931543987632,114.66680509404614
2024-09-12,661,654.0666666666667,6.93333333333328,129.63208769791368,111.12369769979738
2024-09-13,684,656.4333333333333,27.56666666666672,129.81986193076997,107.49706529770383
2024-09-14,700,657.8666666666667,42.133333333333326,121.05966990769865,89.97168866873949
2024-09-15,374,644.4333333333333,-270.4333333333333,131.51843540194187,117.69795887698871
2024-09-16,421,639.4,-218.39999999999998,137.80344155987967,140.71822571230342
2024-09-17,580,649.0333333333333,-69.0333333333333,134.66339474800682,137.1965916555672
2024-09-18,644,639.3,4.7000000000000455,133.94288111840393,131.39489734239578
2024-09-19,590,641.0666666666667,-51.06666666666672,134.22193407266542,126.81200934566635
2024-09-20,638,648.7666666666667,-10.766666666666652,134.05566265419455,121.0047224580202
2024-09-21,620,642.6666666666666,-22.66666666666663,134.05161126505962,109.20600890496821
2024-09-22,404,640.8333333333334,-236.83333333333337,139.96978738038572,101.3421831975102
2024-09-23,651,649.1666666666666,1.8333333333333712,138.28165493641617,86.15462290335176
2024-09-24,746,656.4,89.60000000000002,131.45904917195867,104.06522679824982
2024-09-25,764,656.0333333333333,107.9666666666667,133.31409631341356,118.80776790380963
2024-09-26,941,656.6,284.4,143.86702033555127,164.27198700413166
2024-09-27,771,647.1666666666666,123.83333333333337,145.2262642089646,166.20755813425666
2024-09-28,889,637.4333333333333,251.56666666666672,147.35828571144594,175.57714353905337
2024-09-29,452,635.9,-183.89999999999998,147.13650320268144,160.6626160327169
2024-09-30,743,634.6,108.39999999999998,140.74888374641594,155.38125155028644
2024-10-01,700,643.4333333333333,56.56666666666672,134.32063628993637,156.93826508413775
2024-10-02,440,652.7666666666667,-212.76666666666665,138.61237194122486,195.62330175742395
2024-10-03,729,658.2666666666667,70.73333333333335,139.43158830082945,167.39716103867895
2024-10-05,926,662.4,263.6,148.5903146547427,190.8437406186885
2024-10-06,520,658.0333333333333,-138.0333333333333,150.03639405234296,179.60207337863503
2024-10-07,659,659.7666666666667,-0.7666666666666515,149.46965632167482,158.4628542923422
2024-10-08,725,662.6333333333333,62.366666666666674,146.85134010949326,157.29559676578566
2024-10-09,665,671.4333333333333,-6.43333333333328,141.86044623818364,156.78617528948345
2024-10-10,673,673.1666666666666,-0.16666666666662877,141.80085193395502,121.50151870498978
2024-10-11,690,672.0,18.0,141.9049220307448,120.81942448684838
2024-10-12,415,682.4333333333333,-267.4333333333333,148.319339388974,111.27892882302463
2024-10-13,369,668.2333333333333,-299.23333333333335,156.72327541712275,143.95816191155023
2024-10-14,638,668.0333333333333,-30.033333333333303,156.47680229085861,142.72334210265717
2024-10-15,661,660.9666666666667,0.03333333333330302,156.0874202446204,134.95272540870675
2024-10-16,639,662.7666666666667,-23.76666666666665,148.12638669994504,132.79791306449593
2024-10-17,701,648.5666666666667,52.43333333333328,142.33585424024014,136.31563513020836
2024-10-18,745,641.8,103.20000000000005,142.61472897124008,144.54048699569302
2024-10-19,768,645.6,122.39999999999998,143.9773928614227,132.146924004342
2024-10-20,459,632.5666666666667,-173.56666666666672,148.17428771629008,101.559037486764
2024-10-21,690,627.4666666666667,62.5333333333333,148.23599156548428,101.6930488798327
2024-10-22,706,635.5666666666667,70.43333333333328,148.2719968755776,102.73080865844925
2024-10-23,668,638.0333333333333,29.966666666666697,139.99598105889933,101.73120512034626
2024-10-24,703,635.8666666666667,67.13333333333333,140.05616689406253,101.81355508968278
2024-10-25,711,638.2,72.79999999999995,139.5734882443284,98.79512230103292
2024-10-26,1077,639.1666666666666,437.83333333333337,157.2651359599634,182.41136138383678
2024-10-27,515,633.1,-118.10000000000002,152.26625576166964,170.05657321973194
2024-10-28,765,641.9,123.10000000000002,152.1304982761417,169.89898959872198
2024-10-29,677,655.0333333333333,21.966666666666697,146.32544816814752,171.0735013295245
2024-10-30,506,661.2,-155.20000000000005,143.97956831423707,190.81292259323357
2024-10-31,317,667.2333333333333,-350.23333333333335,156.27576936925976,241.45659178056314
2024-11-01,497,671.5666666666667,-174.56666666666672,158.35303204745003,246.32431196832033
2024-11-02,554,675.9666666666667,-121.9666666666667,154.6684106124433,142.9320517888518
2024-11-03,338,665.8666666666667,-327.8666666666667,163.6136499097238,163.7375949499672
2024-11-04,773,663.5,109.5,156.37614540131997,165.73214189511455
2024-11-05,763,670.7333333333333,92.26666666666665,156.91018369477007,181.47805849271495
2024-11-06,733,671.8,61.200000000000045,157.8699777825332,195.11229977581922
2024-11-07,660,664.9,-4.899999999999977,157.07931959261285,161.84707655832375
2024-11-08,735,659.1666666666666,75.83333333333337,158.04394849272927,157.40968688047542
2024-11-09,702,669.0,33.0,158.35252757220454,152.081118705336
2024-11-10,508,665.3666666666667,-157.36666666666667,159.8174281636006,91.27196408849386
2024-11-11,679,653.1333333333333,25.866666666666674,154.57647365267653,84.78881327830172
2024-11-12,763,660.4666666666667,102.5333333333333,147.14981418979775,84.78881327830172
2024-11-13,823,659.8333333333334,163.16666666666663,150.2550475369958,99.25004498019793
2024-11-14,842,662.9666666666667,179.0333333333333,153.837954003406,111.42667886060634
2024-11-15,769,674.3333333333334,94.66666666666663,154.8428977657864,112.8344763253634
2024-11-16,833,693.5333333333333,139.4666666666667,157.55972777360333,118.7865232054465
2024-11-17,442,692.8,-250.79999999999995,162.612450923668,141.25441417460019
2024-11-18,697,697.4333333333333,-0.4333333333332803,161.5881845287903,140.2068200229659
2024-11-19,676,709.8333333333334,-33.83333333333337,156.9073817153981,141.51560573543333
2024-11-20,722,712.3,9.700000000000045,157.1514534146753,134.97512998432575
2024-11-21,499,714.4333333333333,-215.43333333333328,160.11447413518317,141.82014095660816
2024-11-22,496,726.8,-230.79999999999995,163.05215652399838,145.17214740077426
2024-11-23,998,732.1333333333333,265.8666666666667,174.29463758146778,191.00473691458365
2024-11-24,602,722.3333333333334,-120.33333333333337,174.52486895871746,170.8771488526182
2024-11-25,710,724.2,-14.200000000000045,156.62050188016713,171.2896460885558
2024-11-26,735,733.7666666666667,1.2333333333333485,155.07255995363832,172.97082055047497
2024-11-27,746,737.9666666666667,8.033333333333303,154.66918720696896,174.1691843062504
2024-11-28,771,736.9,34.10000000000002,155.97556911554958,155.42399765679355
2024-11-29,847,734.9,112.10000000000002,156.56624318717994,123.48240668979845
2024-11-30,893,730.8,162.20000000000005,146.21022496753608,94.54049271029189
2024-12-01,475,717.8333333333334,-242.83333333333337,147.28119949313952,133.54382194977174
2024-12-02,693,719.0666666666667,-26.06666666666672,144.9317754677349,134.32352557839403
2024-12-03,710,725.4333333333333,-15.43333333333328,128.04958181227647,134.721759122097
2024-12-04,847,725.8,121.20000000000005,130.00614043853534,141.51207251208865
2024-12-05,827,726.0333333333333,100.9666666666667,131.3845850752756,144.57869829265994
2024-12-06,1104,723.9666666666667,380.0333333333333,149.41550489640727,195.27989680261038
2024-12-07,820,728.0333333333333,91.9666666666667,149.80394850772717,190.93254854853356
2024-12-08,441,723.7666666666667,-282.76666666666665,158.94747198547935,200.25721555277954
2024-12-09,758,713.1666666666666,44.83333333333337,159.0292534355736,197.1731170703505
2024-12-10,795,713.4,81.60000000000002,154.13198180809843,194.25707071766936
2024-12-11,805,702.7666666666667,102.23333333333335,154.3047775275157,193.16782735178646
2024-12-12,731,697.4333333333333,33.56666666666672,154.23635020363375,193.74676648607468
2024-12-13,763,693.2333333333333,69.76666666666665,153.46848491488078,131.24005631266812
2024-12-14,719,687.2666666666667,31.73333333333335,152.14589187287683,125.1625609624002
2024-12-15,380,670.4333333333333,-290.4333333333333,164.82594442023688,147.61065260307137
2024-12-16,870,667.6,202.39999999999998,165.8526419764688,159.60651019064977
2024-12-17,633,676.8333333333334,-43.83333333333337,158.34612531507955,159.21937546608254
2024-12-18,708,674.9333333333333,33.06666666666672,158.29074079266192,152.65834870249066
2024-12-19,683,678.0666666666667,4.93333333333328,158.219943669288,151.38786514871495
2024-12-20,660,677.1333333333333,-17.133333333333326,158.6787001618601,146.84880465489388
2024-12-21,621,677.3666666666667,-56.366666666666674,154.21491571791972,145.4759021117856
2024-12-22,368,672.5,-304.5,162.4089523889985,149.22019523732834
2024-12-23,680,671.3,8.700000000000045,154.05598698666927,115.87554900470816
2024-12-24,609,680.5,-71.5,153.88701632400142,115.84595683184361
2024-12-25,391,679.9666666666667,-288.9666666666667,164.76664445948037,135.3186715022817
2024-12-26,575,676.5,-101.5,166.269968120676,126.580296367843
2024-12-27,620,675.0666666666667,-55.06666666666672,166.59194071936287,122.0136604373988
2024-12-28,592,675.2,-83.20000000000005,166.91582295882864,119.75172729641817
2024-12-29,342,665.1333333333333,-323.1333333333333,175.49529580753656,126.4745410104699
2024-12-30,808,656.0666666666667,151.93333333333328,172.43761490603728,155.34784318088205
2024-12-31,752,656.5666666666667,95.43333333333328,169.15389510704478,171.0968814944984
2025-01-01,636,650.3666666666667,-14.366666666666674,169.286114332355,148.93223131279933
2025-01-02,804,649.7666666666667,154.23333333333335,170.82052152687243,162.48369881607226
2025-01-03,819,649.0,170.0,169.93989471602012,173.29262342446398
2025-01-04,834,649.4,184.60000000000002,170.15742879672544,177.1401113458464
2025-01-05,958,649.4666666666667,308.5333333333333,159.2743783105335,96.38785736605533
2025-01-06,784,651.7666666666667,132.23333333333335,158.25713471959241,96.54779226101529
2025-01-07,717,662.2333333333333,54.76666666666665,152.31834856754742,100.17389641922435
2025-01-08,742,662.9,79.10000000000002,152.065431319215,78.0228904141049
2025-01-09,691,668.6,22.399999999999977,150.530269610353,89.85066976457558
2025-01-10,762,679.9333333333333,82.06666666666672,149.46546904479862,89.59352655186615
2025-01-11,735,689.6333333333333,45.366666666666674,149.51886053328678,88.18811063370603
2025-01-12,461,685.9,-224.89999999999998,153.516647043701,109.06485619640567
2025-01-13,447,688.6,-241.60000000000002,158.18669313522398,136.21638947609966
2025-01-14,395,698.2666666666667,-303.26666666666665,157.30525635896902,162.02542422483495
2025-01-15,684,693.5666666666667,-9.56666666666672,152.1851148943363,155.17286827154632
2025-01-16,615,691.4333333333333,-76.43333333333328,152.29139114241485,150.02650559468478
2025-01-17,685,698.8333333333334,-13.833333333333371,152.04581886550775,137.21012735078497
2025-01-18,695,697.0666666666667,-2.0666666666667197,152.15409611810415,130.0620730925908
2025-01-19,662,696.7333333333333,-34.73333333333335,152.15933874664458,124.343418459866
2025-01-20,690,694.5333333333333,-4.533333333333303,152.23568011097336,108.169179661173
2025-01-21,682,687.8333333333334,-5.833333333333371,142.53848441817362,27.699063075091054
2025-01-22,700,688.7333333333333,11.266666666666652,142.67115553148682,29.341990064618376
2025-01-23,780,691.3,88.70000000000005,143.85447627664436,37.667088071808216
2025-01-24,731,690.7333333333333,40.26666666666665,134.30637475135208,38.784508443938584
2025-01-25,866,705.2333333333333,160.76666666666665,136.94889138132797,71.20961679302471
2025-01-26,508,695.6,-187.60000000000002,140.39583204344945,109.34719714656327
2025-01-27,673,695.6333333333333,-22.633333333333326,139.30235040223212,110.004112477237
2025-01-28,632,703.4666666666667,-71.4666666666667,123.59805079741186,113.37233222566053
2025-01-29,667,714.0,-47.0,121.95128573309131,113.98746798285623
2025-01-30,688,724.0,-36.0,121.45261125891551,107.5200977890702
2025-01-31,858,735.3333333333334,122.66666666666663,124.67892096635018,126.46531615615415
2025-02-01,751,741.9666666666667,9.033333333333303,123.50734540024796,107.12431585601301
2025-02-02,809,747.1,61.89999999999998,123.17997299531486,83.17222521743025
2025-02-03,768,748.5666666666667,19.43333333333328,121.21759668928638,80.911474258393
2025-02-04,757,751.4,5.600000000000023,111.30234788034893,65.7303293044859
2025-02-05,811,751.7,59.299999999999955,112.21221684467095,54.49421113860687
2025-02-06,794,751.7666666666667,42.23333333333335,113.75113489392194,37.61585278778662
2025-02-07,725,751.7666666666667,-26.76666666666665,113.53198951695603,32.268958989805085
2025-02-08,1126,742.4666666666667,383.5333333333333,138.5821512449501,135.31128133730385
2025-02-09,473,742.2666666666667,-269.26666666666665,144.42170053772028,190.968957836458
2025-02-10,736,738.2666666666667,-2.2666666666666515,144.43122294337743,191.6619047027492
2025-02-11,696,738.5666666666667,-42.56666666666672,137.47193653009109,193.96686020334207
2025-02-12,763,737.3333333333334,25.66666666666663,128.98783690319632,192.95077092356996
2025-02-13,695,738.4666666666667,-43.4666666666667,114.18345794801267,193.58497580427772
2025-02-14,1024,741.9666666666667,282.0333333333333,126.30623249791024,219.69892818950913
2025-02-15,814,743.5,70.5,124.98730510248502,164.2477802995622
2025-02-16,839,741.6333333333333,97.36666666666667,125.72722252065657,114.7776318012566
2025-02-17,739,743.9333333333333,-4.93333333333328,125.35458214348563,114.52469062130153
2025-02-18,747,745.5333333333333,1.466666666666697,124.28654322808356,108.59251048453307
2025-02-19,699,743.2666666666667,-44.26666666666665,124.14400703521171,115.02525602583802
2025-02-20,684,756.4333333333333,-72.43333333333328,124.1058178450494,116.66435371856944
2025-02-21,700,767.2,-67.20000000000005,124.1058178450494,59.84981202977933
2025-02-23,501,764.9666666666667,-263.9666666666667,132.11247385136085,102.38605745854532
2025-02-24,725,764.6666666666666,-39.66666666666663,132.13497105124256,84.29907077384108
2025-02-25,746,752.3333333333334,-6.333333333333371,130.06018058849799,85.08427195042024
2025-02-26,517,763.1333333333333,-246.13333333333333,129.51998470036074,100.59726399763146
2025-02-27,636,755.6,-119.60000000000002,130.33943308182685,98.60937847795782
2025-02-28,666,754.6,-88.60000000000002,129.53730213215894,97.62659668836142
2025-03-01,772,747.7,24.299999999999955,128.95695174087714,108.04540491760469
2025-03-02,734,751.9,-17.899999999999977,128.56603026433967,87.82260257934313
2025-03-03,802,746.8333333333334,55.16666666666663,127.24602380708292,97.89182562302776
2025-03-04,820,744.9,75.10000000000002,128.0422703192419,107.67963949561005
2025-03-05,857,745.2,111.79999999999995,129.17823381651453,81.29107020600733
2025-03-06,700,758.3333333333334,-58.33333333333337,129.36687561252765,68.18078209890959
2025-03-08,1152,756.1666666666666,395.83333333333337,149.3677903083837,149.81814372924373
2025-03-09,1134,757.8333333333334,376.16666666666663,164.32860266908045,183.58091507820922
2025-03-10,727,761.4666666666667,-34.4666666666667,164.40708167760664,184.56061076952292
2025-03-11,716,760.7333333333333,-44.73333333333335,164.49071524648116,193.6136309644503
2025-03-12,756,768.3,-12.299999999999955,149.66729385732472,197.95658494682553
2025-03-13,797,767.4,29.600000000000023,140.2064323708474,199.55939562183633
2025-03-14,510,768.0666666666667,-258.0666666666667,147.5916080223424,234.03123519654207
2025-03-15,666,773.1,-107.10000000000002,148.11007090487922,189.55825841501417
2025-03-16,556,768.1666666666666,-212.16666666666663,152.46303113236675,105.90539354042419
2025-03-17,821,773.4666666666667,47.5333333333333,152.69653249004324,118.71875528804466
2025-03-18,872,771.8666666666667,100.13333333333333,145.71892720963362,137.77569762894575
2025-03-19,756,770.3333333333334,-14.333333333333371,145.1808266052827,137.77569762894575
2025-03-20,848,769.7,78.29999999999995,145.39112528055105,144.26810359287865
2025-03-22,1133,768.5666666666667,364.4333333333333,161.69305389583377,181.59465588948132
2025-03-23,682,756.6666666666666,-74.66666666666663,162.2845698432093,179.60764115678612
2025-03-24,749,758.8666666666667,-9.866666666666674,161.93359288840352,145.80090795980982
2025-03-25,793,745.0,48.0,161.44193646811476,146.70345858876306
2025-03-26,678,733.0,-55.0,161.78038185769955,156.18883564759824
2025-03-27,728,732.8666666666667,-4.866666666666674,154.3514015887575,158.01778079576715
2025-03-28,698,735.7,-37.700000000000045,154.69092655557012,160.81814633453587
2025-03-29,766,739.4666666666667,26.533333333333303,154.63860724468134,44.017853520716756
2025-03-30,668,728.6333333333333,-60.633333333333326,148.52129767164396,46.6787399348419
2025-03-31,488,734.9333333333333,-246.93333333333328,155.525157812631,99.42142147253168
2025-04-01,825,733.8666666666667,91.13333333333333,154.63008881785007,105.57619681222222
2025-04-02,724,739.8666666666667,-15.866666666666674,154.89389768557697,105.91798264515246
2025-04-03,688,736.3333333333334,-48.33333333333337,155.50814000943967,105.20524158587637
2025-04-04,783,727.1333333333333,55.866666666666674,155.4133864557853,110.53355448309104
2025-04-05,786,723.6,62.39999999999998,155.15769138332263,112.58245655433764
2025-04-06,500,712.2,-212.20000000000005,161.69390693600656,137.82165839884982
2025-04-07,766,700.4666666666667,65.5333333333333,161.34493641186015,108.59689550942768
2025-04-08,736,703.2,32.799999999999955,143.25453594551746,99.72700833012087
2025-04-09,774,701.1,72.89999999999998,123.22309456624912,102.49390225764567
2025-04-10,723,700.0,23.0,123.2319745043059,101.57919734538747
2025-04-11,801,701.8333333333334,99.16666666666663,123.80662062403951,103.53076377395703
2025-04-12,869,704.9333333333333,164.06666666666672,126.14242998958831,115.52901099270372
2025-04-13,472,700.9333333333333,-228.93333333333328,134.69671765535506,125.23691833595069
2025-04-14,699,700.0666666666667,-1.0666666666667197,128.3905500156976,124.98190345196393
2025-04-15,634,706.8,-72.79999999999995,129.11388539695824,129.3364015345431
2025-04-16,736,719.0666666666667,16.93333333333328,124.66914374575161,126.99268820346568
2025-04-17,715,718.0,-3.0,123.78940217948401,126.83810453449921
2025-04-18,596,721.8666666666667,-125.86666666666667,123.61501229368469,124.27235834093902
2025-04-19,650,724.9333333333333,-74.93333333333328,124.27461249323943,89.95263303803738
2025-04-20,506,716.4666666666667,-210.4666666666667,128.0970537226121,79.47955712005216
2025-04-21,781,706.4,74.60000000000002,101.60563836287032,93.12127269625935
2025-04-22,764,711.1,52.89999999999998,102.19298849016833,99.857755976044
2025-04-23,686,708.1,-22.100000000000023,101.86615626940772,96.78227897610816
2025-04-24,760,705.6666666666666,54.33333333333337,101.01416766456803,101.55763083565952
2025-04-25,733,703.6,29.399999999999977,101.10018361228002,96.28158108975278
2025-04-26,821,699.8666666666667,121.13333333333333,103.33138299976264,103.73179702620392
2025-04-27,578,686.6666666666666,-108.66666666666663,105.89973570783098,79.54333948950561
2025-04-28,740,672.7,67.29999999999995,105.45433178373457,76.78324470004206
2025-04-29,870,675.2666666666667,194.73333333333335,109.69971552473078,94.03975856240862
2025-04-30,856,670.6333333333333,185.36666666666667,104.85784575362942,99.23349089035264
2025-05-01,793,667.0333333333333,125.9666666666667,103.90147853317244,99.71530904100361
2025-05-02,840,662.2333333333333,177.76666666666665,106.2640605977046,101.26180119350249
2025-05-03,780,656.6333333333333,123.36666666666667,106.5800438502745,100.03975400285832
2025-05-04,529,645.7666666666667,-116.76666666666665,111.77061896745404,116.80447643085311
2025-05-05,484,641.3666666666667,-157.36666666666667,118.67852840108964,160.57708429287132
2025-05-06,641,642.9666666666667,-1.966666666666697,112.8726319108522,151.815364050891
2025-05-07,676,630.5333333333333,45.4666666666667,112.55875094275464,136.06476049153494
2025-05-08,663,621.8333333333334,41.16666666666663,112.72374939719172,126.19825672329893
2025-05-09,712,615.7,96.29999999999995,111.99371903570412,102.68351747921552
2025-05-10,611,605.8,5.2000000000000455,113.18514991340291,82.32629620976866
2025-05-11,405,592.4333333333333,-187.43333333333328,123.59648843726474,112.22214364290582
2025-05-12,450,581.3,-131.29999999999995,125.93379486720421,118.57768199229614
2025-05-13,549,580.5,-31.5,122.43842459004387,117.59454149949133
2025-05-14,560,577.0333333333333,-17.033333333333303,124.12771046686966,109.87222015552477
2025-05-15,526,566.1,-40.10000000000002,126.76491501263594,101.2187635531939
2025-05-16,592,556.3666666666667,35.633333333333326,126.78972092931357,74.90629066341225
2025-05-17,547,551.9,-4.899999999999977,128.0822697179115,66.4551406159441
2025-05-18,270,537.5,-267.5,145.9822103789578,110.10968557371321
2025-05-19,518,528.8666666666667,-10.866666666666674,147.82783166945185,108.03152097331909
2025-05-20,554,530.0333333333333,23.966666666666697,146.5665632784784,108.35721348523538
2025-05-21,408,533.8666666666667,-125.86666666666667,150.2285002882289,111.74439370191517
2025-05-22,503,532.7666666666667,-29.76666666666665,149.78952666608697,110.76981710263615
2025-05-23,502,530.4666666666667,-28.466666666666697,150.83495204567302,101.0160289025318
2025-05-24,463,527.0666666666667,-64.06666666666672,150.78402000760872,95.41613121080265
2025-05-25,332,522.0666666666667,-190.06666666666672,156.77409254068024,75.71406109579704
2025-05-26,487,521.7,-34.700000000000045,151.76209830770776,73.2061667972165
2025-05-27,554,529.7333333333333,24.26666666666665,151.8433289668133,73.2061667972165
2025-05-28,636,536.9333333333333,99.06666666666672,149.24118025885886,92.2961073316234
2025-05-29,542,539.4333333333333,2.5666666666667197,138.6793249637938,93.90192452005743
2025-05-30,564,543.3333333333334,20.66666666666663,127.42096491099997,96.75127660040815
2025-05-31,659,551.1333333333333,107.86666666666667,121.02816714045956,108.18260576671015
2025-06-01,408,546.0666666666667,-138.06666666666672,110.83873031540337,85.32877591996305
2025-06-02,521,547.1333333333333,-26.133333333333326,100.94407237240881,82.04963654485093
2025-06-03,564,559.3666666666667,4.633333333333326,101.14771831109144,82.11925126650092
2025-06-04,599,564.8,34.200000000000045,101.52143763191228,77.17512552629422
2025-06-05,608,568.9,39.10000000000002,100.49418694230567,79.87669068185667
2025-06-06,607,576.5666666666667,30.43333333333328,97.85800174613621,81.82676241681789
2025-06-07,561,582.1,-21.100000000000023,94.81922303768857,71.05128932176382
2025-06-08,562,583.1333333333333,-21.133333333333326,88.47362097933521,31.85831729629979
2025-06-09,600,590.3666666666667,9.633333333333326,88.11440447430675,22.26678072395936
2025-06-10,646,603.0333333333333,42.9666666666667,88.09396759390766,29.30788939776758
2025-06-11,666,611.2333333333333,54.76666666666665,90.15539585792152,39.14259645376478
2025-06-12,624,616.3666666666667,7.633333333333326,91.53091934096359,39.664665815876255
2025-06-13,677,619.0333333333333,57.9666666666667,94.86917792170395,47.08098392789282
2025-06-14,760,623.6,136.39999999999998,102.69195090954742,63.23086949538481
2025-06-15,440,623.2,-183.20000000000005,104.34258340985895,98.0609625740634
2025-06-16,579,624.1,-45.10000000000002,104.51587351255142,99.45829468149881
2025-06-17,637,633.1333333333333,3.8666666666666742,91.64529949506382,99.2361301331778
2025-06-18,681,637.5,43.5,93.91206451819005,100.39540873584595
2025-06-19,677,646.2666666666667,30.73333333333335,96.08414056942618,102.00396817677743
2025-06-20,638,651.0333333333333,-13.033333333333303,91.88736858647587,100.43524329256927
2025-06-21,669,655.1666666666666,13.833333333333371,92.30173532944731,85.6479505217193
2025-06-22,533,650.4666666666667,-117.4666666666667,91.54449957424316,55.45525867115939
2025-06-23,680,655.0666666666667,24.93333333333328,90.28937514662279,52.88036812781149
2025-06-24,712,658.4666666666667,53.5333333333333,78.70524818558043,58.30870228280098
2025-06-25,733,662.3,70.70000000000005,79.01361005999188,64.99597057107286
2025-06-26,708,664.9,43.10000000000002,80.16125271464652,67.11894204285383
2025-06-27,716,671.1333333333333,44.866666666666674,82.14305575759415,67.86190459482931
2025-06-28,679,675.1666666666666,3.8333333333333712,81.51860375779579,67.72844939272183
2025-06-29,552,670.3,-118.29999999999995,81.84990468260517,60.88357351379069
2025-06-30,686,668.4666666666667,17.533333333333303,82.4036950962581,60.87888053535256
2025-07-01,679,675.3333333333334,3.6666666666666288,72.10802879077893,59.58747071882046
2025-07-02,652,677.1666666666666,-25.16666666666663,68.98213161941634,55.045003233281456
2025-07-03,827,681.6333333333333,145.36666666666667,75.70356586751609,81.62282593910449
2025-07-04,742,682.0666666666667,59.93333333333328,77.11365697432528,83.85986042485305
2025-07-05,732,688.6333333333333,43.366666666666674,78.04511663060636,85.2774184367571
2025-07-06,466,684.6,-218.60000000000002,84.98305442986718,111.57337965490996
2025-07-07,699,677.4,21.600000000000023,83.6985285304396,111.7313955963336
2025-07-08,664,681.3333333333334,-17.33333333333337,81.83866944233547,112.01551763249509
2025-07-09,715,680.4666666666667,34.5333333333333,81.69883720102695,111.62650308271706
2025-07-10,724,678.9666666666667,45.0333333333333,82.40034733773408,96.67446602361966
2025-07-11,853,673.0333333333333,179.9666666666667,89.27282218911371,116.16900660347301
2025-07-12,745,668.5333333333333,76.4666666666667,89.80172924121543,116.99206322286364
2025-07-13,531,658.7,-127.70000000000005,93.57576683057933,96.57097069488364
2025-07-14,705,658.7666666666667,46.23333333333335,92.2876811495117,96.54138022235746
2025-07-15,646,663.8666666666667,-17.866666666666674,81.7664180849125,98.0522212662099
2025-07-16,634,664.8666666666667,-30.866666666666674,80.13225418593606,101.09307356989984
2025-07-17,771,668.6666666666666,102.33333333333337,81.53843321988691,105.11965970807998
2025-07-18,694,671.3666666666667,22.633333333333326,81.56948945037806,80.2442699333882
2025-07-19,874,664.6,209.39999999999998,88.76022848618342,108.72113738498773
2025-07-20,517,658.1333333333333,-141.13333333333333,93.74933562982952,112.28068569861888
2025-07-21,453,654.6333333333333,-201.63333333333333,102.84222935122985,143.35603363985746
2025-07-22,651,661.7333333333333,-10.733333333333348,99.32542589833174,143.31284460428168
2025-07-23,654,663.9,-9.899999999999977,99.45081381173321,142.99350634606603
2025-07-24,667,663.7666666666667,3.2333333333333485,99.29804780986636,134.5903838636734
2025-07-25,555,665.9,-110.89999999999998,101.25675229364901,136.27650463042113
2025-07-26,573,655.4666666666667,-82.4666666666667,102.63955456313836,80.4608748458016
2025-07-27,421,648.3666666666667,-227.36666666666667,111.66920052023069,99.2584409268926
2025-07-28,681,648.0333333333333,32.9666666666667,111.68233377826961,92.5215547601612
2025-07-29,705,651.1666666666666,53.83333333333337,110.12116628681211,99.4468031998319
2025-07-30,716,651.3666666666667,64.63333333333333,110.46476527751283,106.72148888801938
2025-07-31,793,648.0666666666667,144.93333333333328,112.90164573289142,125.55268292822612
2025-08-01,733,648.1,84.89999999999998,113.45650338750731,124.70593982874665
2025-08-02,624,640.3,-16.299999999999955,109.85055679233547,120.16357898417175
2025-08-03,548,638.9666666666667,-90.9666666666667,110.84276945398734,79.40552937445668
2025-08-04,627,633.2,-6.2000000000000455,110.08507159695019,82.50252521387607
2025-08-05,679,640.1,38.89999999999998,104.21163259356415,81.66540329440414
2025-08-06,764,649.2333333333333,114.76666666666665,105.67854641512488,87.55460880964016
2025-08-07,660,652.7666666666667,7.2333333333333485,105.68093924421821,72.34507256067324
2025-08-08,779,655.1666666666666,123.83333333333337,107.38308798971471,81.37918301734784
2025-08-10,411,648.1333333333333,-237.13333333333333,116.37268708271058,127.58750498607195
2025-08-11,640,654.9333333333333,-14.93333333333328,110.24157903044716,121.3216896558563
2025-08-12,735,657.9,77.10000000000002,109.95406041751592,124.52232540315445
2025-08-13,625,660.7666666666667,-35.76666666666665,107.8226779720174,125.31484159431822
2025-08-14,711,663.6,47.39999999999998,107.93148635651383,119.38433334243895
2025-08-15,547,663.6666666666666,-116.66666666666663,109.60176607352945,125.53599370015445
2025-08-16,635,663.7,-28.700000000000045,109.59749242034454,108.76646016646089
2025-08-17,537,655.1666666666666,-118.16666666666663,108.87359009736721,74.40526095070398
2025-08-18,654,655.8,-1.7999999999999545,108.43732762747514,74.81628292340973
2025-08-19,701,658.4333333333333,42.56666666666672,99.76019522697423,68.02695544169352
2025-08-20,724,666.6333333333333,57.366666666666674,98.59787715417724,76.56898539101216
2025-08-21,727,671.3666666666667,55.633333333333326,93.2122839815513,79.09457870772114
2025-08-22,757,666.4666666666667,90.5333333333333,95.2679282913166,74.80609855454256
2025-08-23,726,660.9666666666667,65.0333333333333,96.20240277067136,74.31208323203761
2025-08-24,456,652.8333333333334,-196.83333333333337,102.79465078439125,102.83551359886532
2025-08-25,759,649.8,109.20000000000005,103.16806955018855,106.37266028986222
2025-08-26,662,659.4666666666667,2.533333333333303,102.00383697989302,106.8951422122212
2025-08-27,507,663.1,-156.10000000000002,96.15744392915408,124.49058101681541
2025-08-28,766,658.7,107.29999999999995,98.00865549391057,128.97471143784628
2025-08-29,707,661.6666666666666,45.33333333333337,98.03846301266134,124.12052514352443
2025-08-30,717,660.2666666666667,56.73333333333335,98.05703829211139,123.30295636203766
2025-08-31,537,655.8,-118.79999999999995,97.55461187893924,103.97275284098652
2025-09-01,752,660.7,91.29999999999995,98.1372719099677,102.94658809304724
2025-09-02,703,667.1333333333333,35.866666666666674,98.31430363304455,103.97504279301387
2025-09-03,794,667.6,126.39999999999998,99.0421308240126,83.65291103009584
2025-09-04,769,672.8666666666667,96.13333333333333,100.46563431423121,83.98951181687927
2025-09-05,532,677.9666666666667,-145.9666666666667,103.61591321444924,108.07052371131394
2025-09-06,599,680.9333333333333,-81.93333333333328,102.63476702511072,111.62564989412273
2025-09-07,416,679.3333333333334,-263.33333333333337,111.95845391170221,141.04305320412763
2025-09-08,688,685.3,2.7000000000000455,109.63085395056872,135.45478950557452
2025-09-09,701,699.8333333333334,1.1666666666666288,100.23102050395512,135.30916978745722
2025-09-10,749,702.4,46.60000000000002,101.46898625892398,127.78329870750292
2025-09-11,603,708.8333333333334,-105.83333333333337,101.10498128865468,113.6732996249273
2025-09-12,714,,,101.3873872769709,112.98503904331112
2025-09-13,669,,,100.97180669437554,111.99234667728514
2025-09-14,413,,,108.81442602129889,113.03160114384988
2025-09-15,782,,,111.13060039803389,123.6417636330267
2025-09-16,730,,,109.29388831489352,125.65258225986032
2025-09-17,668,,,109.26576269148373,120.32099923597033
2025-09-18,859,,,114.6083987213467,139.5537104316387
2025-09-19,877,,,120.22865667159971,156.63971399360892
2025-09-20,816,,,122.55580947789271,159.43023552638826
2025-09-21,709,,,121.83972890740446,78.51053917726247
2025-09-22,905,,,128.40967575531891,92.29559139241661
2025-09-23,892,,,126.21713183168139,93.62335890862444
2025-09-24,836,,,128.22867504364314,66.31239200430902
2025-09-25,855,,,130.94460090338617,66.15853974319712
